area,age,total
1,0,824
1,1,782
1,2,744
1,3,707
1,4,680
1,5,590
1,6,537
1,7,602
1,8,545
1,9,548
1,10,532
1,11,450
1,12,462
1,13,466
1,14,429
1,15,473
1,16,509
1,17,545
1,18,804
1,19,1085
1,20,1124
1,21,1351
1,22,1264
1,23,1096
1,24,1141
1,25,1218
1,26,1133
1,27,1176
1,28,1195
1,29,1125
1,30,1265
1,31,1104
1,32,1068
1,33,1124
1,34,1025
1,35,1029
1,36,977
1,37,956
1,38,952
1,39,925
1,40,916
1,41,817
1,42,790
1,43,755
1,44,750
1,45,781
1,46,803
1,47,732
1,48,733
1,49,728
1,50,755
1,51,660
1,52,628
1,53,713
1,54,678
1,55,696
1,56,559
1,57,574
1,58,483
1,59,508
1,60,542
1,61,462
1,62,433
1,63,441
1,64,372
1,65,340
1,66,295
1,67,277
1,68,220
1,69,242
1,70,217
1,71,194
1,72,203
1,73,200
1,74,180
1,75,139
1,76,142
1,77,155
1,78,133
1,79,115
1,80,111
1,81,108
1,82,100
1,83,95
1,84,98
1,85,97
1,86,90
1,87,56
1,88,74
1,89,48
1,90,47
1,91,32
1,92,28
1,93,24
1,94,23
1,95,10
1,96,10
1,97,7
1,98,6
1,99,1
2,0,1161
2,1,1151
2,2,1166
2,3,1125
2,4,1113
2,5,1088
2,6,1084
2,7,1026
2,8,973
2,9,1037
2,10,942
2,11,949
2,12,906
2,13,867
2,14,948
2,15,894
2,16,954
2,17,932
2,18,859
2,19,830
2,20,851
2,21,866
2,22,968
2,23,977
2,24,1086
2,25,1141
2,26,1127
2,27,1130
2,28,1106
2,29,1179
2,30,1219
2,31,1104
2,32,1083
2,33,1045
2,34,1003
2,35,1091
2,36,971
2,37,1078
2,38,1033
2,39,1024
2,40,1146
2,41,955
2,42,973
2,43,931
2,44,896
2,45,1000
2,46,1020
2,47,1009
2,48,969
2,49,977
2,50,975
2,51,915
2,52,971
2,53,882
2,54,982
2,55,1064
2,56,891
2,57,918
2,58,855
2,59,788
2,60,833
2,61,750
2,62,724
2,63,671
2,64,535
2,65,539
2,66,528
2,67,500
2,68,431
2,69,374
2,70,422
2,71,365
2,72,387
2,73,343
2,74,320
2,75,305
2,76,296
2,77,289
2,78,243
2,79,290
2,80,312
2,81,221
2,82,251
2,83,228
2,84,203
2,85,174
2,86,187
2,87,182
2,88,186
2,89,123
2,90,122
2,91,84
2,92,63
2,93,53
2,94,47
2,95,49
2,96,35
2,97,28
2,98,16
2,99,11
3,0,752
3,1,612
3,2,568
3,3,503
3,4,453
3,5,415
3,6,389
3,7,330
3,8,364
3,9,354
3,10,327
3,11,292
3,12,320
3,13,324
3,14,332
3,15,342
3,16,353
3,17,335
3,18,319
3,19,422
3,20,466
3,21,599
3,22,858
3,23,1213
3,24,1361
3,25,1440
3,26,1535
3,27,1665
3,28,1610
3,29,1621
3,30,1706
3,31,1402
3,32,1413
3,33,1334
3,34,1235
3,35,1169
3,36,1072
3,37,1023
3,38,975
3,39,1074
3,40,1076
3,41,939
3,42,895
3,43,810
3,44,807
3,45,883
3,46,795
3,47,766
3,48,726
3,49,798
3,50,809
3,51,727
3,52,704
3,53,717
3,54,711
3,55,670
3,56,642
3,57,646
3,58,556
3,59,579
3,60,574
3,61,480
3,62,494
3,63,474
3,64,368
3,65,380
3,66,341
3,67,332
3,68,317
3,69,289
3,70,308
3,71,262
3,72,272
3,73,263
3,74,242
3,75,233
3,76,214
3,77,200
3,78,203
3,79,187
3,80,193
3,81,170
3,82,167
3,83,172
3,84,142
3,85,144
3,86,114
3,87,137
3,88,108
3,89,85
3,90,72
3,91,58
3,92,52
3,93,42
3,94,26
3,95,31
3,96,23
3,97,20
3,98,14
3,99,7
4,0,629
4,1,561
4,2,493
4,3,517
4,4,410
4,5,391
4,6,402
4,7,342
4,8,311
4,9,314
4,10,280
4,11,284
4,12,257
4,13,257
4,14,281
4,15,275
4,16,301
4,17,277
4,18,289
4,19,297
4,20,273
4,21,382
4,22,427
4,23,617
4,24,760
4,25,884
4,26,942
4,27,1148
4,28,1304
4,29,1140
4,30,1237
4,31,1154
4,32,1092
4,33,1030
4,34,937
4,35,959
4,36,805
4,37,778
4,38,719
4,39,748
4,40,729
4,41,629
4,42,574
4,43,585
4,44,583
4,45,595
4,46,515
4,47,522
4,48,445
4,49,461
4,50,469
4,51,458
4,52,474
4,53,434
4,54,418
4,55,464
4,56,418
4,57,409
4,58,397
4,59,426
4,60,363
4,61,318
4,62,329
4,63,342
4,64,251
4,65,255
4,66,211
4,67,201
4,68,216
4,69,187
4,70,199
4,71,165
4,72,198
4,73,141
4,74,136
4,75,128
4,76,100
4,77,134
4,78,115
4,79,104
4,80,101
4,81,95
4,82,91
4,83,88
4,84,81
4,85,73
4,86,71
4,87,48
4,88,56
4,89,42
4,90,42
4,91,22
4,92,22
4,93,12
4,94,14
4,95,9
4,96,12
4,97,2
4,98,5
4,99,0
5,0,671
5,1,641
5,2,553
5,3,553
5,4,458
5,5,418
5,6,361
5,7,355
5,8,310
5,9,274
5,10,233
5,11,231
5,12,200
5,13,163
5,14,183
5,15,149
5,16,125
5,17,143
5,18,146
5,19,122
5,20,176
5,21,197
5,22,281
5,23,480
5,24,639
5,25,865
5,26,957
5,27,999
5,28,1099
5,29,1084
5,30,1027
5,31,963
5,32,961
5,33,845
5,34,831
5,35,816
5,36,685
5,37,753
5,38,685
5,39,656
5,40,636
5,41,568
5,42,550
5,43,509
5,44,432
5,45,445
5,46,407
5,47,355
5,48,360
5,49,310
5,50,290
5,51,309
5,52,298
5,53,275
5,54,295
5,55,295
5,56,253
5,57,238
5,58,218
5,59,217
5,60,242
5,61,226
5,62,212
5,63,213
5,64,163
5,65,157
5,66,171
5,67,165
5,68,134
5,69,115
5,70,126
5,71,112
5,72,120
5,73,87
5,74,102
5,75,90
5,76,80
5,77,83
5,78,71
5,79,90
5,80,63
5,81,63
5,82,57
5,83,52
5,84,38
5,85,50
5,86,36
5,87,41
5,88,39
5,89,41
5,90,24
5,91,19
5,92,7
5,93,9
5,94,7
5,95,5
5,96,2
5,97,1
5,98,4
5,99,1
6,0,1251
6,1,1005
6,2,849
6,3,640
6,4,624
6,5,536
6,6,515
6,7,413
6,8,376
6,9,357
6,10,297
6,11,280
6,12,281
6,13,256
6,14,238
6,15,231
6,16,230
6,17,237
6,18,236
6,19,482
6,20,918
6,21,1109
6,22,2086
6,23,3781
6,24,4898
6,25,5438
6,26,5075
6,27,4802
6,28,4394
6,29,3932
6,30,3623
6,31,3051
6,32,2736
6,33,2318
6,34,2051
6,35,1914
6,36,1595
6,37,1479
6,38,1431
6,39,1499
6,40,1374
6,41,1192
6,42,1187
6,43,1086
6,44,1045
6,45,1042
6,46,930
6,47,860
6,48,860
6,49,803
6,50,802
6,51,705
6,52,730
6,53,679
6,54,650
6,55,618
6,56,622
6,57,598
6,58,587
6,59,593
6,60,620
6,61,661
6,62,641
6,63,637
6,64,533
6,65,487
6,66,465
6,67,472
6,68,409
6,69,364
6,70,361
6,71,333
6,72,289
6,73,293
6,74,254
6,75,250
6,76,236
6,77,222
6,78,226
6,79,209
6,80,216
6,81,194
6,82,184
6,83,176
6,84,156
6,85,151
6,86,132
6,87,109
6,88,90
6,89,97
6,90,96
6,91,74
6,92,66
6,93,51
6,94,35
6,95,43
6,96,29
6,97,25
6,98,16
6,99,8
7,0,850
7,1,658
7,2,634
7,3,555
7,4,486
7,5,489
7,6,494
7,7,393
7,8,377
7,9,331
7,10,344
7,11,338
7,12,299
7,13,270
7,14,260
7,15,306
7,16,241
7,17,251
7,18,855
7,19,1704
7,20,1556
7,21,1406
7,22,1579
7,23,2241
7,24,2802
7,25,3065
7,26,2691
7,27,2555
7,28,2263
7,29,2050
7,30,1861
7,31,1559
7,32,1484
7,33,1257
7,34,1027
7,35,1030
7,36,909
7,37,901
7,38,893
7,39,876
7,40,893
7,41,828
7,42,765
7,43,709
7,44,666
7,45,701
7,46,671
7,47,638
7,48,643
7,49,569
7,50,583
7,51,567
7,52,543
7,53,597
7,54,528
7,55,510
7,56,510
7,57,488
7,58,493
7,59,488
7,60,505
7,61,536
7,62,498
7,63,547
7,64,429
7,65,411
7,66,411
7,67,421
7,68,351
7,69,292
7,70,252
7,71,220
7,72,253
7,73,218
7,74,175
7,75,179
7,76,146
7,77,141
7,78,154
7,79,148
7,80,142
7,81,130
7,82,130
7,83,109
7,84,89
7,85,91
7,86,94
7,87,87
7,88,90
7,89,62
7,90,62
7,91,42
7,92,33
7,93,30
7,94,22
7,95,23
7,96,21
7,97,10
7,98,8
7,99,10
8,0,768
8,1,600
8,2,511
8,3,418
8,4,350
8,5,366
8,6,290
8,7,227
8,8,297
8,9,224
8,10,235
8,11,267
8,12,222
8,13,241
8,14,221
8,15,199
8,16,259
8,17,262
8,18,332
8,19,553
8,20,786
8,21,956
8,22,1342
8,23,2097
8,24,2566
8,25,3090
8,26,3239
8,27,3299
8,28,3114
8,29,2706
8,30,2498
8,31,2258
8,32,1997
8,33,1729
8,34,1459
8,35,1396
8,36,1169
8,37,1132
8,38,1133
8,39,1111
8,40,1101
8,41,937
8,42,890
8,43,869
8,44,872
8,45,925
8,46,968
8,47,892
8,48,863
8,49,926
8,50,951
8,51,943
8,52,925
8,53,887
8,54,886
8,55,984
8,56,916
8,57,899
8,58,920
8,59,931
8,60,1010
8,61,987
8,62,1099
8,63,1079
8,64,833
8,65,816
8,66,792
8,67,881
8,68,684
8,69,618
8,70,624
8,71,588
8,72,565
8,73,502
8,74,465
8,75,400
8,76,404
8,77,339
8,78,371
8,79,356
8,80,326
8,81,305
8,82,293
8,83,262
8,84,237
8,85,219
8,86,211
8,87,153
8,88,136
8,89,117
8,90,86
8,91,65
8,92,58
8,93,43
8,94,39
8,95,29
8,96,26
8,97,20
8,98,13
8,99,8
9,0,118
9,1,142
9,2,131
9,3,137
9,4,120
9,5,166
9,6,136
9,7,149
9,8,138
9,9,137
9,10,135
9,11,134
9,12,127
9,13,142
9,14,131
9,15,122
9,16,122
9,17,111
9,18,98
9,19,60
9,20,75
9,21,88
9,22,115
9,23,126
9,24,133
9,25,144
9,26,139
9,27,144
9,28,147
9,29,128
9,30,128
9,31,139
9,32,124
9,33,140
9,34,146
9,35,137
9,36,121
9,37,173
9,38,173
9,39,198
9,40,181
9,41,195
9,42,179
9,43,175
9,44,184
9,45,197
9,46,190
9,47,176
9,48,154
9,49,177
9,50,175
9,51,182
9,52,186
9,53,168
9,54,166
9,55,198
9,56,176
9,57,140
9,58,166
9,59,125
9,60,144
9,61,127
9,62,124
9,63,109
9,64,92
9,65,74
9,66,98
9,67,74
9,68,99
9,69,85
9,70,69
9,71,77
9,72,76
9,73,82
9,74,74
9,75,78
9,76,68
9,77,74
9,78,80
9,79,83
9,80,64
9,81,64
9,82,63
9,83,56
9,84,66
9,85,52
9,86,60
9,87,44
9,88,40
9,89,23
9,90,30
9,91,23
9,92,10
9,93,16
9,94,4
9,95,11
9,96,2
9,97,2
9,98,2
9,99,1
10,0,379
10,1,401
10,2,429
10,3,416
10,4,455
10,5,468
10,6,456
10,7,441
10,8,410
10,9,410
10,10,466
10,11,394
10,12,420
10,13,452
10,14,404
10,15,376
10,16,419
10,17,402
10,18,366
10,19,273
10,20,318
10,21,319
10,22,336
10,23,341
10,24,355
10,25,366
10,26,396
10,27,384
10,28,395
10,29,376
10,30,407
10,31,439
10,32,415
10,33,455
10,34,429
10,35,458
10,36,468
10,37,488
10,38,550
10,39,563
10,40,553
10,41,564
10,42,565
10,43,547
10,44,491
10,45,587
10,46,564
10,47,527
10,48,572
10,49,568
10,50,605
10,51,598
10,52,578
10,53,552
10,54,566
10,55,566
10,56,541
10,57,575
10,58,537
10,59,496
10,60,452
10,61,465
10,62,468
10,63,416
10,64,351
10,65,329
10,66,352
10,67,355
10,68,274
10,69,285
10,70,280
10,71,292
10,72,276
10,73,231
10,74,243
10,75,254
10,76,251
10,77,240
10,78,236
10,79,284
10,80,286
10,81,251
10,82,234
10,83,261
10,84,229
10,85,246
10,86,229
10,87,214
10,88,200
10,89,191
10,90,145
10,91,127
10,92,90
10,93,86
10,94,61
10,95,67
10,96,46
10,97,31
10,98,14
10,99,9
11,0,317
11,1,334
11,2,306
11,3,307
11,4,276
11,5,307
11,6,252
11,7,306
11,8,252
11,9,291
11,10,296
11,11,270
11,12,249
11,13,275
11,14,271
11,15,282
11,16,277
11,17,321
11,18,253
11,19,265
11,20,242
11,21,226
11,22,282
11,23,310
11,24,331
11,25,331
11,26,350
11,27,378
11,28,360
11,29,386
11,30,402
11,31,375
11,32,392
11,33,365
11,34,338
11,35,374
11,36,413
11,37,351
11,38,411
11,39,390
11,40,408
11,41,415
11,42,356
11,43,353
11,44,366
11,45,429
11,46,410
11,47,394
11,48,372
11,49,366
11,50,424
11,51,388
11,52,386
11,53,400
11,54,388
11,55,385
11,56,371
11,57,325
11,58,290
11,59,320
11,60,348
11,61,303
11,62,321
11,63,298
11,64,230
11,65,234
11,66,181
11,67,219
11,68,196
11,69,183
11,70,169
11,71,149
11,72,180
11,73,157
11,74,145
11,75,139
11,76,137
11,77,140
11,78,122
11,79,145
11,80,124
11,81,113
11,82,120
11,83,114
11,84,119
11,85,108
11,86,105
11,87,82
11,88,58
11,89,68
11,90,41
11,91,28
11,92,37
11,93,19
11,94,21
11,95,12
11,96,8
11,97,4
11,98,4
11,99,3
12,0,194
12,1,210
12,2,241
12,3,240
12,4,254
12,5,282
12,6,302
12,7,288
12,8,262
12,9,295
12,10,283
12,11,266
12,12,261
12,13,226
12,14,253
12,15,229
12,16,207
12,17,239
12,18,189
12,19,129
12,20,144
12,21,148
12,22,146
12,23,155
12,24,176
12,25,149
12,26,123
12,27,130
12,28,154
12,29,123
12,30,155
12,31,145
12,32,175
12,33,169
12,34,182
12,35,211
12,36,203
12,37,224
12,38,255
12,39,312
12,40,306
12,41,293
12,42,284
12,43,292
12,44,292
12,45,342
12,46,305
12,47,335
12,48,305
12,49,299
12,50,299
12,51,309
12,52,330
12,53,271
12,54,261
12,55,314
12,56,272
12,57,289
12,58,230
12,59,287
12,60,258
12,61,234
12,62,241
12,63,252
12,64,190
12,65,189
12,66,156
12,67,208
12,68,203
12,69,145
12,70,165
12,71,138
12,72,142
12,73,150
12,74,131
12,75,143
12,76,111
12,77,93
12,78,111
12,79,115
12,80,97
12,81,103
12,82,88
12,83,86
12,84,72
12,85,64
12,86,81
12,87,63
12,88,38
12,89,49
12,90,38
12,91,22
12,92,9
12,93,15
12,94,20
12,95,9
12,96,13
12,97,6
12,98,4
12,99,5
13,0,191
13,1,216
13,2,204
13,3,211
13,4,229
13,5,205
13,6,200
13,7,207
13,8,222
13,9,218
13,10,215
13,11,191
13,12,202
13,13,218
13,14,247
13,15,219
13,16,249
13,17,237
13,18,258
13,19,290
13,20,276
13,21,267
13,22,266
13,23,275
13,24,257
13,25,273
13,26,266
13,27,214
13,28,243
13,29,238
13,30,244
13,31,206
13,32,234
13,33,199
13,34,198
13,35,216
13,36,234
13,37,235
13,38,225
13,39,240
13,40,244
13,41,234
13,42,238
13,43,227
13,44,195
13,45,220
13,46,234
13,47,235
13,48,218
13,49,210
13,50,233
13,51,207
13,52,244
13,53,195
13,54,222
13,55,248
13,56,242
13,57,207
13,58,205
13,59,202
13,60,187
13,61,216
13,62,212
13,63,198
13,64,160
13,65,210
13,66,182
13,67,172
13,68,136
13,69,145
13,70,136
13,71,170
13,72,167
13,73,148
13,74,153
13,75,120
13,76,130
13,77,124
13,78,112
13,79,123
13,80,128
13,81,112
13,82,86
13,83,93
13,84,90
13,85,88
13,86,70
13,87,79
13,88,61
13,89,55
13,90,40
13,91,29
13,92,26
13,93,21
13,94,12
13,95,15
13,96,12
13,97,8
13,98,7
13,99,0
14,0,895
14,1,815
14,2,848
14,3,817
14,4,849
14,5,777
14,6,794
14,7,740
14,8,682
14,9,677
14,10,627
14,11,619
14,12,637
14,13,653
14,14,637
14,15,586
14,16,614
14,17,655
14,18,763
14,19,841
14,20,984
14,21,971
14,22,1009
14,23,880
14,24,944
14,25,1013
14,26,969
14,27,1085
14,28,997
14,29,1077
14,30,1078
14,31,975
14,32,996
14,33,948
14,34,886
14,35,972
14,36,871
14,37,886
14,38,851
14,39,845
14,40,807
14,41,671
14,42,633
14,43,646
14,44,646
14,45,698
14,46,637
14,47,673
14,48,620
14,49,689
14,50,623
14,51,578
14,52,532
14,53,520
14,54,530
14,55,577
14,56,519
14,57,480
14,58,447
14,59,449
14,60,446
14,61,381
14,62,373
14,63,334
14,64,293
14,65,279
14,66,297
14,67,245
14,68,256
14,69,205
14,70,218
14,71,182
14,72,180
14,73,171
14,74,143
14,75,166
14,76,143
14,77,131
14,78,152
14,79,108
14,80,120
14,81,121
14,82,101
14,83,96
14,84,89
14,85,75
14,86,89
14,87,76
14,88,64
14,89,64
14,90,49
14,91,37
14,92,33
14,93,25
14,94,17
14,95,14
14,96,5
14,97,6
14,98,5
14,99,7
15,0,925
15,1,909
15,2,939
15,3,850
15,4,813
15,5,789
15,6,832
15,7,809
15,8,714
15,9,774
15,10,774
15,11,745
15,12,712
15,13,784
15,14,798
15,15,803
15,16,814
15,17,872
15,18,810
15,19,761
15,20,849
15,21,852
15,22,848
15,23,905
15,24,962
15,25,1035
15,26,977
15,27,1013
15,28,1024
15,29,1050
15,30,1062
15,31,977
15,32,981
15,33,951
15,34,872
15,35,949
15,36,909
15,37,986
15,38,965
15,39,998
15,40,1031
15,41,897
15,42,875
15,43,867
15,44,923
15,45,897
15,46,900
15,47,911
15,48,924
15,49,951
15,50,1057
15,51,974
15,52,1027
15,53,862
15,54,994
15,55,952
15,56,866
15,57,833
15,58,830
15,59,793
15,60,773
15,61,722
15,62,744
15,63,664
15,64,507
15,65,498
15,66,414
15,67,412
15,68,372
15,69,366
15,70,357
15,71,350
15,72,327
15,73,327
15,74,275
15,75,302
15,76,250
15,77,253
15,78,225
15,79,211
15,80,214
15,81,209
15,82,212
15,83,190
15,84,168
15,85,186
15,86,144
15,87,147
15,88,110
15,89,101
15,90,71
15,91,67
15,92,51
15,93,45
15,94,29
15,95,24
15,96,12
15,97,14
15,98,10
15,99,4
16,0,872
16,1,791
16,2,809
16,3,801
16,4,712
16,5,677
16,6,684
16,7,647
16,8,669
16,9,620
16,10,653
16,11,618
16,12,588
16,13,589
16,14,656
16,15,602
16,16,635
16,17,623
16,18,619
16,19,561
16,20,605
16,21,614
16,22,700
16,23,733
16,24,901
16,25,964
16,26,994
16,27,1094
16,28,1074
16,29,1206
16,30,1166
16,31,1090
16,32,1084
16,33,1035
16,34,958
16,35,929
16,36,942
16,37,881
16,38,918
16,39,839
16,40,918
16,41,876
16,42,821
16,43,795
16,44,771
16,45,766
16,46,746
16,47,811
16,48,717
16,49,713
16,50,753
16,51,603
16,52,736
16,53,676
16,54,630
16,55,710
16,56,584
16,57,567
16,58,561
16,59,565
16,60,474
16,61,465
16,62,516
16,63,450
16,64,388
16,65,354
16,66,330
16,67,315
16,68,270
16,69,259
16,70,273
16,71,245
16,72,219
16,73,196
16,74,160
16,75,177
16,76,194
16,77,156
16,78,180
16,79,148
16,80,142
16,81,119
16,82,133
16,83,91
16,84,87
16,85,93
16,86,84
16,87,81
16,88,41
16,89,50
16,90,52
16,91,23
16,92,36
16,93,21
16,94,23
16,95,13
16,96,4
16,97,7
16,98,3
16,99,8
17,0,504
17,1,479
17,2,463
17,3,441
17,4,465
17,5,483
17,6,470
17,7,455
17,8,458
17,9,446
17,10,476
17,11,473
17,12,437
17,13,456
17,14,459
17,15,450
17,16,486
17,17,493
17,18,539
17,19,470
17,20,477
17,21,493
17,22,527
17,23,537
17,24,563
17,25,591
17,26,612
17,27,581
17,28,586
17,29,599
17,30,600
17,31,571
17,32,612
17,33,605
17,34,600
17,35,568
17,36,548
17,37,532
17,38,575
17,39,597
17,40,587
17,41,517
17,42,571
17,43,551
17,44,618
17,45,553
17,46,605
17,47,630
17,48,670
17,49,626
17,50,681
17,51,667
17,52,654
17,53,696
17,54,681
17,55,664
17,56,653
17,57,608
17,58,581
17,59,592
17,60,536
17,61,495
17,62,515
17,63,537
17,64,377
17,65,365
17,66,376
17,67,362
17,68,342
17,69,280
17,70,301
17,71,290
17,72,264
17,73,246
17,74,238
17,75,211
17,76,200
17,77,228
17,78,214
17,79,258
17,80,263
17,81,207
17,82,201
17,83,200
17,84,199
17,85,159
17,86,161
17,87,178
17,88,110
17,89,111
17,90,81
17,91,64
17,92,56
17,93,31
17,94,28
17,95,25
17,96,14
17,97,13
17,98,5
17,99,2
18,0,205
18,1,194
18,2,191
18,3,213
18,4,195
18,5,187
18,6,162
18,7,161
18,8,189
18,9,187
18,10,176
18,11,185
18,12,176
18,13,178
18,14,179
18,15,178
18,16,200
18,17,178
18,18,152
18,19,160
18,20,169
18,21,183
18,22,167
18,23,186
18,24,223
18,25,198
18,26,196
18,27,176
18,28,219
18,29,188
18,30,225
18,31,178
18,32,194
18,33,210
18,34,206
18,35,201
18,36,190
18,37,180
18,38,200
18,39,171
18,40,196
18,41,194
18,42,148
18,43,158
18,44,171
18,45,180
18,46,158
18,47,175
18,48,174
18,49,178
18,50,180
18,51,172
18,52,190
18,53,190
18,54,198
18,55,219
18,56,164
18,57,165
18,58,154
18,59,153
18,60,142
18,61,147
18,62,144
18,63,152
18,64,130
18,65,114
18,66,99
18,67,89
18,68,88
18,69,80
18,70,76
18,71,75
18,72,75
18,73,80
18,74,68
18,75,67
18,76,44
18,77,42
18,78,59
18,79,68
18,80,64
18,81,49
18,82,47
18,83,52
18,84,55
18,85,36
18,86,44
18,87,39
18,88,30
18,89,31
18,90,22
18,91,22
18,92,10
18,93,12
18,94,9
18,95,12
18,96,10
18,97,10
18,98,4
18,99,2
19,0,1409
19,1,1320
19,2,1381
19,3,1414
19,4,1316
19,5,1294
19,6,1318
19,7,1250
19,8,1266
19,9,1201
19,10,1311
19,11,1301
19,12,1279
19,13,1268
19,14,1301
19,15,1238
19,16,1294
19,17,1311
19,18,1250
19,19,1276
19,20,1277
19,21,1239
19,22,1237
19,23,1256
19,24,1310
19,25,1281
19,26,1282
19,27,1316
19,28,1370
19,29,1331
19,30,1352
19,31,1281
19,32,1267
19,33,1304
19,34,1231
19,35,1215
19,36,1194
19,37,1166
19,38,1176
19,39,1180
19,40,1149
19,41,1053
19,42,1062
19,43,1014
19,44,984
19,45,1067
19,46,1001
19,47,951
19,48,971
19,49,980
19,50,1035
19,51,887
19,52,984
19,53,908
19,54,864
19,55,904
19,56,732
19,57,740
19,58,721
19,59,718
19,60,666
19,61,633
19,62,611
19,63,576
19,64,489
19,65,510
19,66,428
19,67,379
19,68,363
19,69,350
19,70,303
19,71,298
19,72,277
19,73,265
19,74,263
19,75,230
19,76,180
19,77,210
19,78,144
19,79,186
19,80,170
19,81,139
19,82,142
19,83,145
19,84,126
19,85,109
19,86,91
19,87,114
19,88,64
19,89,71
19,90,50
19,91,39
19,92,27
19,93,29
19,94,22
19,95,20
19,96,7
19,97,7
19,98,9
19,99,11
20,0,455
20,1,451
20,2,423
20,3,457
20,4,441
20,5,440
20,6,411
20,7,435
20,8,395
20,9,392
20,10,397
20,11,387
20,12,430
20,13,402
20,14,391
20,15,408
20,16,434
20,17,429
20,18,421
20,19,417
20,20,427
20,21,410
20,22,432
20,23,394
20,24,411
20,25,447
20,26,445
20,27,452
20,28,407
20,29,412
20,30,430
20,31,407
20,32,397
20,33,371
20,34,386
20,35,423
20,36,369
20,37,369
20,38,387
20,39,393
20,40,396
20,41,362
20,42,324
20,43,280
20,44,310
20,45,351
20,46,277
20,47,319
20,48,286
20,49,347
20,50,309
20,51,316
20,52,254
20,53,275
20,54,303
20,55,300
20,56,231
20,57,252
20,58,250
20,59,214
20,60,197
20,61,199
20,62,204
20,63,160
20,64,140
20,65,141
20,66,117
20,67,123
20,68,98
20,69,80
20,70,91
20,71,92
20,72,64
20,73,66
20,74,78
20,75,61
20,76,49
20,77,63
20,78,50
20,79,48
20,80,48
20,81,49
20,82,37
20,83,36
20,84,32
20,85,25
20,86,33
20,87,21
20,88,14
20,89,16
20,90,10
20,91,8
20,92,7
20,93,2
20,94,3
20,95,2
20,96,1
20,97,1
20,98,2
20,99,1
21,0,642
21,1,665
21,2,654
21,3,642
21,4,594
21,5,557
21,6,529
21,7,529
21,8,485
21,9,501
21,10,517
21,11,474
21,12,481
21,13,477
21,14,483
21,15,504
21,16,491
21,17,489
21,18,512
21,19,484
21,20,535
21,21,558
21,22,671
21,23,731
21,24,839
21,25,870
21,26,869
21,27,918
21,28,920
21,29,844
21,30,891
21,31,763
21,32,861
21,33,747
21,34,770
21,35,718
21,36,644
21,37,628
21,38,617
21,39,596
21,40,641
21,41,577
21,42,514
21,43,493
21,44,535
21,45,510
21,46,471
21,47,460
21,48,441
21,49,440
21,50,468
21,51,434
21,52,455
21,53,415
21,54,419
21,55,410
21,56,371
21,57,358
21,58,356
21,59,335
21,60,367
21,61,317
21,62,312
21,63,253
21,64,260
21,65,229
21,66,208
21,67,191
21,68,198
21,69,181
21,70,170
21,71,169
21,72,141
21,73,136
21,74,115
21,75,136
21,76,98
21,77,117
21,78,93
21,79,92
21,80,79
21,81,72
21,82,71
21,83,67
21,84,70
21,85,65
21,86,52
21,87,40
21,88,32
21,89,25
21,90,22
21,91,21
21,92,27
21,93,14
21,94,4
21,95,3
21,96,5
21,97,4
21,98,0
21,99,2
22,0,1277
22,1,1169
22,2,1070
22,3,1006
22,4,903
22,5,867
22,6,858
22,7,800
22,8,794
22,9,707
22,10,756
22,11,728
22,12,725
22,13,744
22,14,701
22,15,715
22,16,781
22,17,750
22,18,735
22,19,739
22,20,1001
22,21,983
22,22,1254
22,23,1595
22,24,1909
22,25,2118
22,26,2228
22,27,2352
22,28,2299
22,29,2365
22,30,2357
22,31,2030
22,32,2003
22,33,1863
22,34,1685
22,35,1673
22,36,1341
22,37,1289
22,38,1237
22,39,1240
22,40,1216
22,41,1053
22,42,1010
22,43,890
22,44,880
22,45,837
22,46,786
22,47,798
22,48,790
22,49,781
22,50,762
22,51,685
22,52,712
22,53,656
22,54,636
22,55,668
22,56,558
22,57,568
22,58,540
22,59,537
22,60,518
22,61,488
22,62,463
22,63,460
22,64,354
22,65,369
22,66,289
22,67,301
22,68,265
22,69,249
22,70,256
22,71,243
22,72,205
22,73,192
22,74,188
22,75,163
22,76,180
22,77,161
22,78,125
22,79,128
22,80,119
22,81,113
22,82,109
22,83,92
22,84,98
22,85,96
22,86,91
22,87,60
22,88,45
22,89,54
22,90,17
22,91,24
22,92,17
22,93,16
22,94,16
22,95,5
22,96,10
22,97,0
22,98,2
22,99,1
23,0,962
23,1,1021
23,2,1001
23,3,1001
23,4,1001
23,5,902
23,6,922
23,7,915
23,8,887
23,9,936
23,10,934
23,11,929
23,12,928
23,13,957
23,14,956
23,15,1027
23,16,1025
23,17,1035
23,18,988
23,19,990
23,20,948
23,21,940
23,22,955
23,23,934
23,24,912
23,25,877
23,26,938
23,27,930
23,28,889
23,29,992
23,30,948
23,31,807
23,32,841
23,33,806
23,34,859
23,35,814
23,36,742
23,37,764
23,38,830
23,39,766
23,40,747
23,41,689
23,42,614
23,43,649
23,44,694
23,45,725
23,46,702
23,47,740
23,48,743
23,49,682
23,50,753
23,51,687
23,52,699
23,53,624
23,54,642
23,55,588
23,56,587
23,57,573
23,58,570
23,59,482
23,60,544
23,61,446
23,62,455
23,63,407
23,64,365
23,65,335
23,66,319
23,67,327
23,68,253
23,69,280
23,70,238
23,71,238
23,72,200
23,73,214
23,74,191
23,75,163
23,76,168
23,77,173
23,78,117
23,79,102
23,80,116
23,81,103
23,82,92
23,83,109
23,84,67
23,85,52
23,86,60
23,87,45
23,88,34
23,89,33
23,90,18
23,91,23
23,92,10
23,93,7
23,94,8
23,95,2
23,96,4
23,97,2
23,98,0
23,99,1
24,0,1413
24,1,1113
24,2,1049
24,3,872
24,4,814
24,5,642
24,6,610
24,7,539
24,8,582
24,9,539
24,10,587
24,11,533
24,12,531
24,13,526
24,14,566
24,15,544
24,16,521
24,17,614
24,18,572
24,19,628
24,20,791
24,21,928
24,22,1249
24,23,1793
24,24,2261
24,25,2858
24,26,2955
24,27,3303
24,28,3373
24,29,3262
24,30,3292
24,31,2893
24,32,2712
24,33,2395
24,34,2149
24,35,2084
24,36,1604
24,37,1547
24,38,1507
24,39,1477
24,40,1409
24,41,1132
24,42,1017
24,43,963
24,44,869
24,45,883
24,46,795
24,47,794
24,48,747
24,49,755
24,50,746
24,51,703
24,52,713
24,53,718
24,54,604
24,55,701
24,56,586
24,57,594
24,58,535
24,59,565
24,60,513
24,61,484
24,62,463
24,63,471
24,64,362
24,65,381
24,66,316
24,67,327
24,68,279
24,69,259
24,70,285
24,71,240
24,72,265
24,73,221
24,74,227
24,75,196
24,76,220
24,77,188
24,78,159
24,79,169
24,80,145
24,81,162
24,82,141
24,83,107
24,84,102
24,85,119
24,86,115
24,87,105
24,88,63
24,89,59
24,90,63
24,91,40
24,92,34
24,93,29
24,94,13
24,95,15
24,96,9
24,97,9
24,98,10
24,99,3
25,0,1516
25,1,1423
25,2,1552
25,3,1467
25,4,1373
25,5,1330
25,6,1355
25,7,1375
25,8,1337
25,9,1425
25,10,1512
25,11,1485
25,12,1497
25,13,1537
25,14,1516
25,15,1681
25,16,1784
25,17,1809
25,18,1700
25,19,1658
25,20,1659
25,21,1486
25,22,1415
25,23,1383
25,24,1359
25,25,1326
25,26,1282
25,27,1372
25,28,1320
25,29,1298
25,30,1413
25,31,1250
25,32,1252
25,33,1236
25,34,1147
25,35,1166
25,36,1147
25,37,1185
25,38,1178
25,39,1341
25,40,1271
25,41,1126
25,42,1198
25,43,1179
25,44,1198
25,45,1307
25,46,1365
25,47,1333
25,48,1335
25,49,1449
25,50,1551
25,51,1467
25,52,1404
25,53,1354
25,54,1432
25,55,1333
25,56,1268
25,57,1261
25,58,1197
25,59,1187
25,60,1180
25,61,1111
25,62,1051
25,63,966
25,64,811
25,65,841
25,66,791
25,67,738
25,68,711
25,69,653
25,70,631
25,71,627
25,72,576
25,73,536
25,74,521
25,75,466
25,76,433
25,77,372
25,78,333
25,79,342
25,80,288
25,81,275
25,82,221
25,83,211
25,84,198
25,85,152
25,86,125
25,87,129
25,88,95
25,89,77
25,90,68
25,91,53
25,92,29
25,93,44
25,94,26
25,95,21
25,96,14
25,97,12
25,98,7
25,99,4
26,0,292
26,1,329
26,2,262
26,3,270
26,4,280
26,5,282
26,6,269
26,7,250
26,8,261
26,9,301
26,10,309
26,11,311
26,12,311
26,13,323
26,14,343
26,15,380
26,16,378
26,17,424
26,18,358
26,19,369
26,20,318
26,21,308
26,22,254
26,23,285
26,24,244
26,25,266
26,26,244
26,27,223
26,28,205
26,29,208
26,30,236
26,31,199
26,32,232
26,33,188
26,34,176
26,35,196
26,36,217
26,37,206
26,38,236
26,39,231
26,40,248
26,41,200
26,42,182
26,43,212
26,44,200
26,45,238
26,46,233
26,47,223
26,48,275
26,49,276
26,50,292
26,51,226
26,52,281
26,53,254
26,54,216
26,55,204
26,56,193
26,57,231
26,58,167
26,59,186
26,60,192
26,61,132
26,62,152
26,63,120
26,64,93
26,65,127
26,66,81
26,67,92
26,68,112
26,69,85
26,70,98
26,71,88
26,72,89
26,73,93
26,74,98
26,75,93
26,76,87
26,77,73
26,78,66
26,79,61
26,80,74
26,81,75
26,82,52
26,83,42
26,84,43
26,85,33
26,86,26
26,87,21
26,88,26
26,89,14
26,90,19
26,91,8
26,92,5
26,93,3
26,94,4
26,95,9
26,96,2
26,97,1
26,98,0
26,99,0
27,0,295
27,1,327
27,2,310
27,3,303
27,4,302
27,5,312
27,6,323
27,7,333
27,8,299
27,9,364
27,10,321
27,11,340
27,12,367
27,13,356
27,14,313
27,15,398
27,16,440
27,17,437
27,18,395
27,19,349
27,20,363
27,21,293
27,22,290
27,23,281
27,24,270
27,25,298
27,26,308
27,27,305
27,28,297
27,29,336
27,30,350
27,31,284
27,32,297
27,33,303
27,34,332
27,35,280
27,36,268
27,37,289
27,38,264
27,39,256
27,40,273
27,41,214
27,42,212
27,43,251
27,44,290
27,45,271
27,46,261
27,47,262
27,48,298
27,49,300
27,50,285
27,51,265
27,52,262
27,53,283
27,54,270
27,55,252
27,56,240
27,57,207
27,58,214
27,59,184
27,60,198
27,61,189
27,62,170
27,63,157
27,64,135
27,65,109
27,66,114
27,67,104
27,68,105
27,69,92
27,70,98
27,71,79
27,72,90
27,73,71
27,74,75
27,75,79
27,76,75
27,77,71
27,78,65
27,79,62
27,80,58
27,81,65
27,82,47
27,83,62
27,84,34
27,85,32
27,86,36
27,87,28
27,88,34
27,89,19
27,90,11
27,91,18
27,92,14
27,93,7
27,94,2
27,95,6
27,96,5
27,97,5
27,98,0
27,99,1
28,0,846
28,1,742
28,2,542
28,3,481
28,4,437
28,5,352
28,6,381
28,7,322
28,8,315
28,9,340
28,10,339
28,11,312
28,12,344
28,13,349
28,14,344
28,15,386
28,16,455
28,17,496
28,18,796
28,19,1278
28,20,1350
28,21,1304
28,22,1327
28,23,1466
28,24,1602
28,25,1747
28,26,1778
28,27,1940
28,28,1917
28,29,1923
28,30,2022
28,31,1761
28,32,1627
28,33,1473
28,34,1203
28,35,1216
28,36,1000
28,37,862
28,38,882
28,39,866
28,40,760
28,41,670
28,42,657
28,43,570
28,44,577
28,45,597
28,46,532
28,47,498
28,48,467
28,49,521
28,50,477
28,51,516
28,52,483
28,53,492
28,54,528
28,55,443
28,56,399
28,57,409
28,58,357
28,59,424
28,60,379
28,61,374
28,62,351
28,63,356
28,64,296
28,65,276
28,66,287
28,67,254
28,68,243
28,69,221
28,70,186
28,71,181
28,72,189
28,73,149
28,74,152
28,75,151
28,76,125
28,77,136
28,78,98
28,79,117
28,80,132
28,81,87
28,82,94
28,83,71
28,84,78
28,85,75
28,86,57
28,87,74
28,88,35
28,89,38
28,90,33
28,91,11
28,92,18
28,93,18
28,94,13
28,95,7
28,96,8
28,97,3
28,98,0
28,99,3
29,0,603
29,1,631
29,2,630
29,3,625
29,4,591
29,5,613
29,6,604
29,7,595
29,8,613
29,9,620
29,10,675
29,11,622
29,12,676
29,13,625
29,14,719
29,15,763
29,16,742
29,17,738
29,18,707
29,19,656
29,20,662
29,21,637
29,22,573
29,23,479
29,24,514
29,25,516
29,26,501
29,27,497
29,28,522
29,29,496
29,30,514
29,31,483
29,32,437
29,33,459
29,34,425
29,35,471
29,36,400
29,37,432
29,38,467
29,39,453
29,40,475
29,41,400
29,42,390
29,43,412
29,44,427
29,45,420
29,46,404
29,47,482
29,48,456
29,49,460
29,50,493
29,51,431
29,52,473
29,53,434
29,54,422
29,55,426
29,56,370
29,57,385
29,58,332
29,59,354
29,60,326
29,61,269
29,62,257
29,63,230
29,64,199
29,65,208
29,66,203
29,67,194
29,68,169
29,69,137
29,70,156
29,71,178
29,72,151
29,73,145
29,74,125
29,75,105
29,76,110
29,77,129
29,78,136
29,79,122
29,80,112
29,81,104
29,82,102
29,83,110
29,84,83
29,85,82
29,86,72
29,87,50
29,88,44
29,89,34
29,90,32
29,91,25
29,92,32
29,93,9
29,94,18
29,95,7
29,96,5
29,97,1
29,98,1
29,99,3
30,0,1382
30,1,1402
30,2,1504
30,3,1542
30,4,1425
30,5,1410
30,6,1327
30,7,1296
30,8,1316
30,9,1318
30,10,1224
30,11,1220
30,12,1171
30,13,1169
30,14,1193
30,15,1177
30,16,1160
30,17,1380
30,18,1548
30,19,1575
30,20,1581
30,21,1584
30,22,1536
30,23,1535
30,24,1685
30,25,1503
30,26,1671
30,27,1563
30,28,1443
30,29,1575
30,30,1641
30,31,1485
30,32,1496
30,33,1304
30,34,1382
30,35,1230
30,36,1283
30,37,1181
30,38,1248
30,39,1294
30,40,1202
30,41,1044
30,42,1114
30,43,1052
30,44,1048
30,45,1025
30,46,1009
30,47,820
30,48,912
30,49,891
30,50,833
30,51,825
30,52,861
30,53,748
30,54,767
30,55,685
30,56,629
30,57,564
30,58,552
30,59,542
30,60,524
30,61,459
30,62,470
30,63,427
30,64,329
30,65,359
30,66,291
30,67,316
30,68,259
30,69,227
30,70,210
30,71,219
30,72,202
30,73,161
30,74,161
30,75,176
30,76,134
30,77,181
30,78,109
30,79,145
30,80,112
30,81,100
30,82,88
30,83,103
30,84,82
30,85,66
30,86,53
30,87,61
30,88,36
30,89,36
30,90,34
30,91,18
30,92,17
30,93,12
30,94,4
30,95,12
30,96,3
30,97,2
30,98,2
30,99,0
31,0,488
31,1,538
31,2,572
31,3,540
31,4,581
31,5,543
31,6,534
31,7,579
31,8,542
31,9,538
31,10,548
31,11,497
31,12,503
31,13,540
31,14,537
31,15,511
31,16,556
31,17,534
31,18,516
31,19,521
31,20,639
31,21,646
31,22,677
31,23,756
31,24,761
31,25,851
31,26,804
31,27,835
31,28,869
31,29,770
31,30,810
31,31,667
31,32,687
31,33,638
31,34,599
31,35,678
31,36,562
31,37,537
31,38,548
31,39,499
31,40,540
31,41,482
31,42,473
31,43,443
31,44,430
31,45,434
31,46,383
31,47,391
31,48,375
31,49,363
31,50,417
31,51,317
31,52,365
31,53,359
31,54,338
31,55,317
31,56,328
31,57,287
31,58,286
31,59,287
31,60,290
31,61,233
31,62,208
31,63,224
31,64,199
31,65,206
31,66,165
31,67,157
31,68,141
31,69,142
31,70,149
31,71,139
31,72,98
31,73,103
31,74,98
31,75,109
31,76,99
31,77,67
31,78,93
31,79,85
31,80,65
31,81,88
31,82,48
31,83,67
31,84,56
31,85,41
31,86,48
31,87,51
31,88,29
31,89,31
31,90,14
31,91,18
31,92,10
31,93,5
31,94,6
31,95,3
31,96,4
31,97,7
31,98,3
31,99,1
32,0,277
32,1,194
32,2,163
32,3,107
32,4,89
32,5,93
32,6,86
32,7,51
32,8,52
32,9,53
32,10,37
32,11,43
32,12,39
32,13,36
32,14,37
32,15,46
32,16,35
32,17,66
32,18,885
32,19,1755
32,20,1218
32,21,873
32,22,822
32,23,846
32,24,923
32,25,1064
32,26,1049
32,27,1090
32,28,1167
32,29,1043
32,30,923
32,31,762
32,32,702
32,33,594
32,34,485
32,35,477
32,36,447
32,37,397
32,38,341
32,39,385
32,40,374
32,41,300
32,42,315
32,43,309
32,44,288
32,45,300
32,46,285
32,47,251
32,48,265
32,49,306
32,50,255
32,51,265
32,52,290
32,53,289
32,54,274
32,55,269
32,56,276
32,57,325
32,58,288
32,59,276
32,60,275
32,61,296
32,62,309
32,63,268
32,64,218
32,65,205
32,66,215
32,67,180
32,68,190
32,69,154
32,70,125
32,71,147
32,72,79
32,73,121
32,74,91
32,75,99
32,76,83
32,77,73
32,78,72
32,79,73
32,80,61
32,81,56
32,82,50
32,83,44
32,84,49
32,85,31
32,86,41
32,87,20
32,88,20
32,89,22
32,90,20
32,91,15
32,92,8
32,93,7
32,94,3
32,95,2
32,96,1
32,97,5
32,98,1
32,99,1
33,0,413
33,1,344
33,2,269
33,3,206
33,4,173
33,5,163
33,6,141
33,7,121
33,8,123
33,9,87
33,10,102
33,11,92
33,12,97
33,13,79
33,14,108
33,15,85
33,16,78
33,17,87
33,18,78
33,19,94
33,20,133
33,21,154
33,22,222
33,23,314
33,24,421
33,25,461
33,26,599
33,27,673
33,28,747
33,29,776
33,30,771
33,31,754
33,32,694
33,33,671
33,34,571
33,35,530
33,36,482
33,37,486
33,38,431
33,39,413
33,40,389
33,41,313
33,42,295
33,43,309
33,44,251
33,45,276
33,46,264
33,47,268
33,48,244
33,49,259
33,50,229
33,51,244
33,52,239
33,53,244
33,54,228
33,55,277
33,56,245
33,57,229
33,58,203
33,59,209
33,60,202
33,61,196
33,62,189
33,63,206
33,64,170
33,65,176
33,66,155
33,67,157
33,68,129
33,69,99
33,70,103
33,71,83
33,72,85
33,73,114
33,74,85
33,75,70
33,76,69
33,77,75
33,78,44
33,79,62
33,80,48
33,81,46
33,82,44
33,83,47
33,84,53
33,85,32
33,86,27
33,87,40
33,88,19
33,89,27
33,90,22
33,91,19
33,92,8
33,93,9
33,94,5
33,95,5
33,96,4
33,97,4
33,98,1
33,99,0
34,0,136
34,1,119
34,2,109
34,3,122
34,4,134
34,5,132
34,6,121
34,7,97
34,8,111
34,9,132
34,10,118
34,11,113
34,12,131
34,13,149
34,14,155
34,15,161
34,16,137
34,17,142
34,18,168
34,19,188
34,20,194
34,21,229
34,22,254
34,23,242
34,24,286
34,25,233
34,26,212
34,27,181
34,28,176
34,29,168
34,30,178
34,31,154
34,32,138
34,33,133
34,34,151
34,35,152
34,36,155
34,37,146
34,38,171
34,39,218
34,40,188
34,41,174
34,42,178
34,43,142
34,44,199
34,45,194
34,46,230
34,47,209
34,48,177
34,49,159
34,50,194
34,51,195
34,52,215
34,53,229
34,54,176
34,55,181
34,56,174
34,57,157
34,58,175
34,59,173
34,60,195
34,61,159
34,62,146
34,63,135
34,64,112
34,65,127
34,66,118
34,67,122
34,68,123
34,69,104
34,70,113
34,71,119
34,72,128
34,73,116
34,74,108
34,75,114
34,76,95
34,77,95
34,78,112
34,79,102
34,80,92
34,81,100
34,82,110
34,83,102
34,84,72
34,85,66
34,86,54
34,87,45
34,88,27
34,89,23
34,90,16
34,91,16
34,92,13
34,93,10
34,94,8
34,95,11
34,96,4
34,97,2
34,98,4
34,99,0
35,0,195
35,1,162
35,2,156
35,3,149
35,4,144
35,5,141
35,6,150
35,7,141
35,8,153
35,9,133
35,10,171
35,11,169
35,12,131
35,13,154
35,14,153
35,15,186
35,16,158
35,17,149
35,18,296
35,19,524
35,20,451
35,21,439
35,22,477
35,23,569
35,24,522
35,25,492
35,26,372
35,27,321
35,28,325
35,29,340
35,30,321
35,31,251
35,32,221
35,33,227
35,34,219
35,35,204
35,36,201
35,37,181
35,38,210
35,39,241
35,40,214
35,41,181
35,42,162
35,43,175
35,44,190
35,45,190
35,46,182
35,47,202
35,48,208
35,49,214
35,50,209
35,51,252
35,52,216
35,53,240
35,54,243
35,55,237
35,56,215
35,57,220
35,58,234
35,59,226
35,60,240
35,61,205
35,62,210
35,63,189
35,64,162
35,65,176
35,66,158
35,67,146
35,68,159
35,69,150
35,70,144
35,71,118
35,72,141
35,73,121
35,74,98
35,75,125
35,76,107
35,77,109
35,78,68
35,79,94
35,80,90
35,81,89
35,82,90
35,83,74
35,84,95
35,85,74
35,86,73
35,87,61
35,88,34
35,89,33
35,90,51
35,91,23
35,92,29
35,93,23
35,94,17
35,95,15
35,96,12
35,97,2
35,98,8
35,99,3
36,0,96
36,1,117
36,2,95
36,3,100
36,4,80
36,5,83
36,6,102
36,7,97
36,8,95
36,9,99
36,10,122
36,11,105
36,12,123
36,13,85
36,14,114
36,15,110
36,16,107
36,17,104
36,18,104
36,19,69
36,20,61
36,21,84
36,22,54
36,23,71
36,24,74
36,25,73
36,26,75
36,27,78
36,28,102
36,29,77
36,30,93
36,31,106
36,32,87
36,33,94
36,34,86
36,35,87
36,36,84
36,37,85
36,38,96
36,39,123
36,40,90
36,41,81
36,42,103
36,43,76
36,44,79
36,45,82
36,46,77
36,47,74
36,48,71
36,49,77
36,50,83
36,51,97
36,52,58
36,53,61
36,54,70
36,55,60
36,56,53
36,57,58
36,58,48
36,59,63
36,60,51
36,61,47
36,62,56
36,63,53
36,64,39
36,65,35
36,66,46
36,67,36
36,68,40
36,69,28
36,70,33
36,71,28
36,72,14
36,73,22
36,74,15
36,75,20
36,76,17
36,77,19
36,78,25
36,79,21
36,80,14
36,81,11
36,82,8
36,83,12
36,84,11
36,85,8
36,86,15
36,87,8
36,88,5
36,89,6
36,90,8
36,91,0
36,92,5
36,93,2
36,94,0
36,95,1
36,96,0
36,97,0
36,98,0
36,99,0
37,0,28
37,1,38
37,2,32
37,3,30
37,4,44
37,5,43
37,6,32
37,7,35
37,8,34
37,9,33
37,10,41
37,11,50
37,12,33
37,13,51
37,14,34
37,15,39
37,16,54
37,17,60
37,18,58
37,19,46
37,20,27
37,21,34
37,22,45
37,23,35
37,24,43
37,25,38
37,26,32
37,27,48
37,28,21
37,29,18
37,30,39
37,31,26
37,32,39
37,33,37
37,34,31
37,35,32
37,36,25
37,37,32
37,38,36
37,39,36
37,40,33
37,41,21
37,42,21
37,43,41
37,44,32
37,45,39
37,46,28
37,47,44
37,48,31
37,49,42
37,50,45
37,51,40
37,52,42
37,53,39
37,54,36
37,55,31
37,56,39
37,57,38
37,58,37
37,59,26
37,60,28
37,61,29
37,62,32
37,63,25
37,64,59
37,65,37
37,66,38
37,67,40
37,68,48
37,69,19
37,70,27
37,71,27
37,72,22
37,73,30
37,74,27
37,75,23
37,76,8
37,77,18
37,78,13
37,79,18
37,80,21
37,81,14
37,82,6
37,83,9
37,84,14
37,85,6
37,86,10
37,87,8
37,88,7
37,89,6
37,90,2
37,91,1
37,92,2
37,93,2
37,94,2
37,95,0
37,96,4
37,97,0
37,98,0
37,99,0
38,0,290
38,1,315
38,2,332
38,3,286
38,4,284
38,5,293
38,6,273
38,7,280
38,8,307
38,9,293
38,10,286
38,11,332
38,12,305
38,13,328
38,14,300
38,15,338
38,16,359
38,17,384
38,18,350
38,19,282
38,20,276
38,21,242
38,22,248
38,23,251
38,24,239
38,25,274
38,26,248
38,27,338
38,28,317
38,29,318
38,30,369
38,31,341
38,32,333
38,33,297
38,34,306
38,35,338
38,36,354
38,37,352
38,38,376
38,39,399
38,40,321
38,41,278
38,42,316
38,43,282
38,44,293
38,45,252
38,46,295
38,47,253
38,48,328
38,49,290
38,50,287
38,51,266
38,52,252
38,53,297
38,54,298
38,55,254
38,56,224
38,57,240
38,58,238
38,59,254
38,60,220
38,61,212
38,62,208
38,63,225
38,64,206
38,65,158
38,66,165
38,67,197
38,68,186
38,69,159
38,70,169
38,71,129
38,72,139
38,73,127
38,74,115
38,75,125
38,76,107
38,77,124
38,78,76
38,79,89
38,80,95
38,81,80
38,82,87
38,83,98
38,84,78
38,85,83
38,86,55
38,87,44
38,88,50
38,89,31
38,90,38
38,91,12
38,92,17
38,93,16
38,94,13
38,95,9
38,96,14
38,97,5
38,98,1
38,99,5
39,0,219
39,1,202
39,2,204
39,3,196
39,4,202
39,5,191
39,6,206
39,7,200
39,8,189
39,9,190
39,10,171
39,11,196
39,12,202
39,13,182
39,14,195
39,15,210
39,16,203
39,17,182
39,18,155
39,19,162
39,20,197
39,21,255
39,22,269
39,23,302
39,24,365
39,25,369
39,26,317
39,27,339
39,28,332
39,29,319
39,30,271
39,31,289
39,32,276
39,33,248
39,34,219
39,35,217
39,36,208
39,37,268
39,38,248
39,39,242
39,40,256
39,41,225
39,42,198
39,43,188
39,44,210
39,45,265
39,46,232
39,47,209
39,48,218
39,49,251
39,50,224
39,51,234
39,52,209
39,53,233
39,54,246
39,55,244
39,56,241
39,57,199
39,58,242
39,59,230
39,60,226
39,61,219
39,62,258
39,63,229
39,64,201
39,65,177
39,66,162
39,67,181
39,68,133
39,69,134
39,70,159
39,71,136
39,72,141
39,73,116
39,74,127
39,75,104
39,76,112
39,77,106
39,78,78
39,79,83
39,80,89
39,81,82
39,82,107
39,83,68
39,84,46
39,85,50
39,86,60
39,87,54
39,88,50
39,89,35
39,90,48
39,91,30
39,92,14
39,93,18
39,94,15
39,95,9
39,96,8
39,97,7
39,98,0
39,99,0
40,0,184
40,1,193
40,2,195
40,3,223
40,4,199
40,5,231
40,6,220
40,7,187
40,8,216
40,9,246
40,10,224
40,11,204
40,12,243
40,13,227
40,14,226
40,15,225
40,16,226
40,17,305
40,18,239
40,19,216
40,20,206
40,21,189
40,22,132
40,23,168
40,24,159
40,25,169
40,26,155
40,27,178
40,28,191
40,29,186
40,30,199
40,31,142
40,32,192
40,33,185
40,34,156
40,35,138
40,36,134
40,37,155
40,38,160
40,39,171
40,40,184
40,41,128
40,42,127
40,43,137
40,44,155
40,45,160
40,46,133
40,47,169
40,48,162
40,49,150
40,50,148
40,51,149
40,52,148
40,53,127
40,54,142
40,55,110
40,56,127
40,57,127
40,58,120
40,59,73
40,60,100
40,61,86
40,62,64
40,63,59
40,64,53
40,65,56
40,66,63
40,67,52
40,68,42
40,69,36
40,70,40
40,71,32
40,72,41
40,73,29
40,74,43
40,75,36
40,76,23
40,77,40
40,78,24
40,79,22
40,80,34
40,81,19
40,82,23
40,83,19
40,84,17
40,85,16
40,86,13
40,87,7
40,88,6
40,89,8
40,90,10
40,91,9
40,92,6
40,93,0
40,94,4
40,95,5
40,96,2
40,97,3
40,98,0
40,99,2
41,0,225
41,1,218
41,2,213
41,3,178
41,4,148
41,5,208
41,6,173
41,7,161
41,8,150
41,9,170
41,10,149
41,11,147
41,12,143
41,13,130
41,14,135
41,15,151
41,16,141
41,17,165
41,18,458
41,19,865
41,20,968
41,21,1030
41,22,899
41,23,743
41,24,678
41,25,755
41,26,634
41,27,680
41,28,649
41,29,597
41,30,558
41,31,467
41,32,466
41,33,414
41,34,363
41,35,325
41,36,325
41,37,285
41,38,322
41,39,276
41,40,291
41,41,272
41,42,223
41,43,249
41,44,265
41,45,243
41,46,294
41,47,297
41,48,267
41,49,279
41,50,283
41,51,281
41,52,292
41,53,277
41,54,255
41,55,300
41,56,272
41,57,273
41,58,261
41,59,267
41,60,290
41,61,280
41,62,246
41,63,243
41,64,193
41,65,198
41,66,225
41,67,210
41,68,170
41,69,189
41,70,168
41,71,139
41,72,130
41,73,121
41,74,137
41,75,150
41,76,123
41,77,115
41,78,122
41,79,99
41,80,99
41,81,94
41,82,104
41,83,68
41,84,72
41,85,70
41,86,75
41,87,58
41,88,52
41,89,39
41,90,34
41,91,31
41,92,29
41,93,16
41,94,21
41,95,20
41,96,13
41,97,5
41,98,11
41,99,4
42,0,343
42,1,321
42,2,374
42,3,356
42,4,347
42,5,372
42,6,348
42,7,355
42,8,365
42,9,359
42,10,402
42,11,397
42,12,338
42,13,365
42,14,375
42,15,407
42,16,447
42,17,419
42,18,632
42,19,725
42,20,595
42,21,415
42,22,377
42,23,344
42,24,316
42,25,332
42,26,327
42,27,352
42,28,368
42,29,369
42,30,395
42,31,369
42,32,388
42,33,359
42,34,363
42,35,333
42,36,322
42,37,359
42,38,361
42,39,359
42,40,329
42,41,309
42,42,354
42,43,309
42,44,314
42,45,345
42,46,304
42,47,342
42,48,339
42,49,323
42,50,374
42,51,339
42,52,354
42,53,349
42,54,322
42,55,303
42,56,301
42,57,293
42,58,319
42,59,269
42,60,267
42,61,254
42,62,236
42,63,202
42,64,229
42,65,203
42,66,207
42,67,194
42,68,155
42,69,147
42,70,142
42,71,122
42,72,158
42,73,132
42,74,134
42,75,117
42,76,108
42,77,94
42,78,83
42,79,69
42,80,81
42,81,86
42,82,65
42,83,73
42,84,74
42,85,72
42,86,59
42,87,47
42,88,33
42,89,39
42,90,33
42,91,29
42,92,23
42,93,26
42,94,9
42,95,9
42,96,11
42,97,3
42,98,5
42,99,1
43,0,661
43,1,637
43,2,672
43,3,689
43,4,663
43,5,647
43,6,591
43,7,577
43,8,680
43,9,639
43,10,633
43,11,665
43,12,651
43,13,637
43,14,682
43,15,726
43,16,741
43,17,752
43,18,717
43,19,709
43,20,689
43,21,697
43,22,657
43,23,665
43,24,671
43,25,735
43,26,688
43,27,729
43,28,786
43,29,682
43,30,753
43,31,641
43,32,678
43,33,574
43,34,605
43,35,585
43,36,575
43,37,623
43,38,578
43,39,709
43,40,671
43,41,579
43,42,633
43,43,675
43,44,684
43,45,706
43,46,693
43,47,718
43,48,672
43,49,785
43,50,802
43,51,793
43,52,762
43,53,756
43,54,766
43,55,786
43,56,706
43,57,672
43,58,619
43,59,609
43,60,658
43,61,528
43,62,559
43,63,518
43,64,414
43,65,425
43,66,435
43,67,450
43,68,361
43,69,323
43,70,319
43,71,303
43,72,312
43,73,265
43,74,300
43,75,258
43,76,259
43,77,243
43,78,204
43,79,178
43,80,172
43,81,179
43,82,157
43,83,186
43,84,142
43,85,148
43,86,106
43,87,123
43,88,94
43,89,79
43,90,60
43,91,66
43,92,37
43,93,28
43,94,23
43,95,21
43,96,11
43,97,13
43,98,8
43,99,4
44,0,352
44,1,307
44,2,364
44,3,358
44,4,358
44,5,327
44,6,370
44,7,352
44,8,369
44,9,375
44,10,357
44,11,361
44,12,399
44,13,371
44,14,435
44,15,438
44,16,494
44,17,494
44,18,456
44,19,418
44,20,371
44,21,352
44,22,391
44,23,361
44,24,359
44,25,336
44,26,316
44,27,377
44,28,358
44,29,391
44,30,398
44,31,344
44,32,314
44,33,326
44,34,306
44,35,347
44,36,343
44,37,352
44,38,375
44,39,408
44,40,399
44,41,324
44,42,384
44,43,403
44,44,354
44,45,430
44,46,439
44,47,417
44,48,492
44,49,500
44,50,565
44,51,511
44,52,538
44,53,513
44,54,555
44,55,485
44,56,455
44,57,459
44,58,470
44,59,480
44,60,428
44,61,431
44,62,365
44,63,312
44,64,245
44,65,274
44,66,302
44,67,274
44,68,242
44,69,247
44,70,235
44,71,227
44,72,208
44,73,244
44,74,238
44,75,199
44,76,206
44,77,201
44,78,182
44,79,175
44,80,201
44,81,188
44,82,175
44,83,150
44,84,162
44,85,143
44,86,117
44,87,127
44,88,96
44,89,85
44,90,73
44,91,56
44,92,45
44,93,23
44,94,32
44,95,16
44,96,16
44,97,14
44,98,10
44,99,5
45,0,106
45,1,86
45,2,108
45,3,107
45,4,99
45,5,100
45,6,107
45,7,116
45,8,117
45,9,139
45,10,119
45,11,119
45,12,150
45,13,133
45,14,134
45,15,146
45,16,171
45,17,185
45,18,148
45,19,106
45,20,100
45,21,125
45,22,93
45,23,116
45,24,99
45,25,107
45,26,99
45,27,114
45,28,90
45,29,101
45,30,110
45,31,91
45,32,102
45,33,110
45,34,102
45,35,103
45,36,100
45,37,102
45,38,116
45,39,155
45,40,139
45,41,110
45,42,131
45,43,114
45,44,147
45,45,162
45,46,165
45,47,157
45,48,153
45,49,153
45,50,162
45,51,194
45,52,146
45,53,159
45,54,164
45,55,149
45,56,143
45,57,155
45,58,145
45,59,143
45,60,128
45,61,138
45,62,129
45,63,103
45,64,96
45,65,134
45,66,93
45,67,103
45,68,105
45,69,111
45,70,100
45,71,105
45,72,129
45,73,84
45,74,116
45,75,97
45,76,80
45,77,79
45,78,62
45,79,70
45,80,66
45,81,64
45,82,49
45,83,47
45,84,53
45,85,43
45,86,32
45,87,28
45,88,16
45,89,17
45,90,24
45,91,15
45,92,10
45,93,10
45,94,6
45,95,9
45,96,1
45,97,5
45,98,1
45,99,2
46,0,444
46,1,466
46,2,491
46,3,458
46,4,459
46,5,469
46,6,480
46,7,435
46,8,469
46,9,486
46,10,515
46,11,497
46,12,500
46,13,529
46,14,533
46,15,566
46,16,543
46,17,570
46,18,566
46,19,474
46,20,456
46,21,464
46,22,445
46,23,431
46,24,411
46,25,418
46,26,456
46,27,396
46,28,381
46,29,436
46,30,387
46,31,375
46,32,368
46,33,313
46,34,372
46,35,340
46,36,343
46,37,404
46,38,406
46,39,430
46,40,383
46,41,367
46,42,375
46,43,371
46,44,391
46,45,349
46,46,391
46,47,391
46,48,390
46,49,407
46,50,399
46,51,419
46,52,423
46,53,402
46,54,388
46,55,442
46,56,365
46,57,354
46,58,341
46,59,371
46,60,325
46,61,322
46,62,303
46,63,292
46,64,244
46,65,273
46,66,232
46,67,280
46,68,221
46,69,214
46,70,248
46,71,211
46,72,248
46,73,168
46,74,197
46,75,153
46,76,202
46,77,148
46,78,141
46,79,160
46,80,125
46,81,115
46,82,95
46,83,84
46,84,68
46,85,80
46,86,55
46,87,67
46,88,59
46,89,37
46,90,23
46,91,24
46,92,25
46,93,21
46,94,10
46,95,8
46,96,8
46,97,1
46,98,4
46,99,0
47,0,17
47,1,43
47,2,36
47,3,37
47,4,28
47,5,34
47,6,29
47,7,38
47,8,42
47,9,52
47,10,49
47,11,60
47,12,63
47,13,47
47,14,46
47,15,53
47,16,61
47,17,61
47,18,50
47,19,35
47,20,39
47,21,37
47,22,26
47,23,25
47,24,38
47,25,28
47,26,37
47,27,26
47,28,25
47,29,40
47,30,40
47,31,24
47,32,31
47,33,33
47,34,33
47,35,34
47,36,36
47,37,36
47,38,45
47,39,44
47,40,34
47,41,39
47,42,28
47,43,27
47,44,22
47,45,35
47,46,38
47,47,45
47,48,30
47,49,24
47,50,45
47,51,44
47,52,42
47,53,37
47,54,35
47,55,32
47,56,37
47,57,32
47,58,39
47,59,23
47,60,40
47,61,37
47,62,26
47,63,25
47,64,29
47,65,44
47,66,29
47,67,31
47,68,26
47,69,28
47,70,29
47,71,30
47,72,31
47,73,31
47,74,24
47,75,20
47,76,18
47,77,30
47,78,11
47,79,12
47,80,10
47,81,17
47,82,11
47,83,7
47,84,7
47,85,15
47,86,15
47,87,5
47,88,7
47,89,8
47,90,4
47,91,6
47,92,2
47,93,0
47,94,0
47,95,0
47,96,0
47,97,0
47,98,2
47,99,3
48,0,93
48,1,115
48,2,114
48,3,153
48,4,117
48,5,126
48,6,151
48,7,135
48,8,152
48,9,143
48,10,156
48,11,186
48,12,190
48,13,182
48,14,183
48,15,217
48,16,210
48,17,185
48,18,165
48,19,145
48,20,136
48,21,128
48,22,132
48,23,149
48,24,117
48,25,149
48,26,116
48,27,128
48,28,111
48,29,122
48,30,114
48,31,143
48,32,123
48,33,119
48,34,149
48,35,128
48,36,167
48,37,165
48,38,178
48,39,176
48,40,187
48,41,158
48,42,153
48,43,178
48,44,178
48,45,208
48,46,198
48,47,191
48,48,196
48,49,222
48,50,182
48,51,208
48,52,227
48,53,208
48,54,185
48,55,187
48,56,209
48,57,175
48,58,185
48,59,181
48,60,190
48,61,197
48,62,193
48,63,169
48,64,170
48,65,184
48,66,168
48,67,216
48,68,205
48,69,190
48,70,193
48,71,201
48,72,187
48,73,168
48,74,149
48,75,155
48,76,132
48,77,119
48,78,113
48,79,117
48,80,95
48,81,80
48,82,87
48,83,90
48,84,66
48,85,56
48,86,42
48,87,37
48,88,30
48,89,39
48,90,22
48,91,18
48,92,15
48,93,9
48,94,6
48,95,6
48,96,5
48,97,2
48,98,2
48,99,0
49,0,514
49,1,565
49,2,578
49,3,544
49,4,524
49,5,546
49,6,542
49,7,567
49,8,584
49,9,614
49,10,605
49,11,621
49,12,709
49,13,680
49,14,743
49,15,751
49,16,864
49,17,849
49,18,780
49,19,759
49,20,750
49,21,640
49,22,582
49,23,555
49,24,489
49,25,476
49,26,449
49,27,459
49,28,471
49,29,439
49,30,521
49,31,460
49,32,457
49,33,403
49,34,442
49,35,458
49,36,451
49,37,496
49,38,561
49,39,630
49,40,518
49,41,542
49,42,509
49,43,488
49,44,595
49,45,575
49,46,594
49,47,592
49,48,636
49,49,627
49,50,722
49,51,736
49,52,647
49,53,629
49,54,651
49,55,590
49,56,530
49,57,543
49,58,504
49,59,492
49,60,563
49,61,473
49,62,506
49,63,449
49,64,415
49,65,377
49,66,438
49,67,439
49,68,426
49,69,442
49,70,375
49,71,404
49,72,387
49,73,372
49,74,373
49,75,352
49,76,316
49,77,285
49,78,267
49,79,259
49,80,230
49,81,202
49,82,213
49,83,172
49,84,157
49,85,128
49,86,147
49,87,137
49,88,100
49,89,75
49,90,64
49,91,37
49,92,51
49,93,43
49,94,31
49,95,20
49,96,16
49,97,7
49,98,7
49,99,5
50,0,102
50,1,89
50,2,83
50,3,100
50,4,102
50,5,109
50,6,100
50,7,102
50,8,92
50,9,93
50,10,104
50,11,109
50,12,107
50,13,100
50,14,119
50,15,122
50,16,123
50,17,112
50,18,115
50,19,95
50,20,110
50,21,93
50,22,76
50,23,90
50,24,89
50,25,71
50,26,92
50,27,102
50,28,101
50,29,87
50,30,86
50,31,98
50,32,88
50,33,98
50,34,86
50,35,101
50,36,92
50,37,102
50,38,95
50,39,92
50,40,106
50,41,103
50,42,84
50,43,95
50,44,115
50,45,89
50,46,94
50,47,114
50,48,98
50,49,93
50,50,109
50,51,87
50,52,89
50,53,88
50,54,94
50,55,107
50,56,102
50,57,84
50,58,91
50,59,89
50,60,86
50,61,88
50,62,84
50,63,93
50,64,60
50,65,60
50,66,62
50,67,68
50,68,71
50,69,61
50,70,74
50,71,52
50,72,72
50,73,39
50,74,50
50,75,42
50,76,57
50,77,46
50,78,45
50,79,34
50,80,35
50,81,25
50,82,28
50,83,27
50,84,26
50,85,12
50,86,10
50,87,10
50,88,11
50,89,6
50,90,9
50,91,2
50,92,7
50,93,2
50,94,3
50,95,2
50,96,1
50,97,2
50,98,1
50,99,1
51,0,232
51,1,211
51,2,206
51,3,205
51,4,206
51,5,219
51,6,224
51,7,227
51,8,229
51,9,251
51,10,232
51,11,262
51,12,271
51,13,239
51,14,257
51,15,255
51,16,262
51,17,280
51,18,250
51,19,228
51,20,207
51,21,194
51,22,208
51,23,182
51,24,172
51,25,204
51,26,145
51,27,159
51,28,145
51,29,202
51,30,207
51,31,171
51,32,197
51,33,167
51,34,144
51,35,147
51,36,212
51,37,189
51,38,196
51,39,202
51,40,182
51,41,172
51,42,186
51,43,181
51,44,191
51,45,186
51,46,188
51,47,169
51,48,204
51,49,207
51,50,234
51,51,215
51,52,208
51,53,193
51,54,201
51,55,216
51,56,193
51,57,207
51,58,163
51,59,153
51,60,142
51,61,167
51,62,159
51,63,141
51,64,136
51,65,151
51,66,140
51,67,145
51,68,138
51,69,124
51,70,100
51,71,120
51,72,107
51,73,92
51,74,96
51,75,91
51,76,100
51,77,68
51,78,85
51,79,63
51,80,71
51,81,48
51,82,72
51,83,49
51,84,44
51,85,36
51,86,43
51,87,35
51,88,18
51,89,20
51,90,9
51,91,8
51,92,12
51,93,11
51,94,3
51,95,10
51,96,3
51,97,2
51,98,2
51,99,1
52,0,355
52,1,372
52,2,378
52,3,434
52,4,364
52,5,383
52,6,404
52,7,363
52,8,380
52,9,374
52,10,426
52,11,411
52,12,440
52,13,425
52,14,432
52,15,401
52,16,385
52,17,371
52,18,383
52,19,379
52,20,337
52,21,337
52,22,296
52,23,322
52,24,313
52,25,323
52,26,320
52,27,301
52,28,339
52,29,340
52,30,349
52,31,268
52,32,357
52,33,303
52,34,328
52,35,347
52,36,329
52,37,317
52,38,280
52,39,304
52,40,312
52,41,307
52,42,283
52,43,259
52,44,286
52,45,310
52,46,291
52,47,263
52,48,281
52,49,292
52,50,285
52,51,282
52,52,276
52,53,292
52,54,317
52,55,285
52,56,254
52,57,233
52,58,217
52,59,223
52,60,215
52,61,195
52,62,189
52,63,161
52,64,145
52,65,126
52,66,123
52,67,106
52,68,125
52,69,108
52,70,115
52,71,114
52,72,104
52,73,112
52,74,100
52,75,111
52,76,90
52,77,89
52,78,107
52,79,94
52,80,102
52,81,58
52,82,85
52,83,79
52,84,51
52,85,49
52,86,55
52,87,42
52,88,28
52,89,30
52,90,29
52,91,25
52,92,23
52,93,10
52,94,5
52,95,6
52,96,9
52,97,5
52,98,4
52,99,0
53,0,365
53,1,407
53,2,438
53,3,431
53,4,422
53,5,422
53,6,408
53,7,431
53,8,406
53,9,494
53,10,450
53,11,473
53,12,495
53,13,511
53,14,484
53,15,541
53,16,629
53,17,607
53,18,568
53,19,518
53,20,453
53,21,444
53,22,387
53,23,382
53,24,346
53,25,374
53,26,322
53,27,300
53,28,307
53,29,325
53,30,373
53,31,345
53,32,360
53,33,311
53,34,327
53,35,341
53,36,304
53,37,371
53,38,376
53,39,387
53,40,343
53,41,312
53,42,345
53,43,384
53,44,393
53,45,331
53,46,369
53,47,427
53,48,362
53,49,434
53,50,405
53,51,390
53,52,387
53,53,381
53,54,373
53,55,390
53,56,336
53,57,334
53,58,319
53,59,365
53,60,356
53,61,342
53,62,322
53,63,357
53,64,302
53,65,333
53,66,291
53,67,323
53,68,282
53,69,274
53,70,225
53,71,241
53,72,206
53,73,175
53,74,220
53,75,165
53,76,145
53,77,144
53,78,110
53,79,134
53,80,118
53,81,99
53,82,82
53,83,61
53,84,66
53,85,44
53,86,53
53,87,33
53,88,21
53,89,30
53,90,19
53,91,18
53,92,13
53,93,9
53,94,7
53,95,4
53,96,4
53,97,4
53,98,3
53,99,1
54,0,110
54,1,150
54,2,124
54,3,137
54,4,125
54,5,118
54,6,117
54,7,119
54,8,171
54,9,152
54,10,161
54,11,185
54,12,190
54,13,167
54,14,181
54,15,188
54,16,148
54,17,173
54,18,113
54,19,132
54,20,115
54,21,90
54,22,106
54,23,82
54,24,88
54,25,70
54,26,70
54,27,75
54,28,86
54,29,99
54,30,94
54,31,108
54,32,108
54,33,98
54,34,77
54,35,65
54,36,78
54,37,77
54,38,63
54,39,80
54,40,75
54,41,75
54,42,62
54,43,75
54,44,68
54,45,58
54,46,83
54,47,68
54,48,61
54,49,67
54,50,77
54,51,62
54,52,57
54,53,57
54,54,48
54,55,45
54,56,44
54,57,45
54,58,47
54,59,49
54,60,43
54,61,31
54,62,33
54,63,46
54,64,28
54,65,19
54,66,25
54,67,28
54,68,20
54,69,24
54,70,21
54,71,19
54,72,22
54,73,15
54,74,14
54,75,19
54,76,21
54,77,16
54,78,18
54,79,17
54,80,15
54,81,10
54,82,5
54,83,11
54,84,8
54,85,6
54,86,10
54,87,6
54,88,3
54,89,4
54,90,1
54,91,2
54,92,0
54,93,0
54,94,3
54,95,2
54,96,1
54,97,0
54,98,0
54,99,1
55,0,110
55,1,136
55,2,105
55,3,124
55,4,132
55,5,154
55,6,136
55,7,110
55,8,136
55,9,144
55,10,122
55,11,127
55,12,142
55,13,148
55,14,146
55,15,140
55,16,125
55,17,142
55,18,119
55,19,119
55,20,124
55,21,105
55,22,98
55,23,120
55,24,119
55,25,127
55,26,116
55,27,117
55,28,107
55,29,107
55,30,134
55,31,115
55,32,102
55,33,120
55,34,122
55,35,96
55,36,110
55,37,132
55,38,124
55,39,146
55,40,135
55,41,126
55,42,116
55,43,136
55,44,106
55,45,119
55,46,118
55,47,117
55,48,140
55,49,127
55,50,161
55,51,146
55,52,160
55,53,139
55,54,122
55,55,124
55,56,117
55,57,135
55,58,93
55,59,89
55,60,100
55,61,111
55,62,113
55,63,90
55,64,106
55,65,70
55,66,71
55,67,89
55,68,71
55,69,86
55,70,65
55,71,69
55,72,56
55,73,75
55,74,66
55,75,62
55,76,54
55,77,52
55,78,48
55,79,47
55,80,56
55,81,50
55,82,34
55,83,46
55,84,39
55,85,24
55,86,38
55,87,34
55,88,29
55,89,17
55,90,29
55,91,11
55,92,11
55,93,5
55,94,9
55,95,2
55,96,1
55,97,4
55,98,1
55,99,0
56,0,427
56,1,446
56,2,435
56,3,472
56,4,439
56,5,489
56,6,456
56,7,437
56,8,419
56,9,466
56,10,458
56,11,439
56,12,437
56,13,475
56,14,477
56,15,449
56,16,506
56,17,431
56,18,399
56,19,413
56,20,428
56,21,384
56,22,418
56,23,444
56,24,446
56,25,452
56,26,455
56,27,498
56,28,422
56,29,428
56,30,447
56,31,461
56,32,472
56,33,467
56,34,441
56,35,471
56,36,454
56,37,476
56,38,464
56,39,502
56,40,545
56,41,426
56,42,441
56,43,431
56,44,471
56,45,459
56,46,486
56,47,487
56,48,508
56,49,486
56,50,493
56,51,490
56,52,535
56,53,526
56,54,467
56,55,499
56,56,446
56,57,433
56,58,437
56,59,434
56,60,389
56,61,337
56,62,376
56,63,369
56,64,280
56,65,268
56,66,256
56,67,311
56,68,239
56,69,238
56,70,221
56,71,250
56,72,232
56,73,223
56,74,195
56,75,186
56,76,199
56,77,204
56,78,182
56,79,197
56,80,231
56,81,189
56,82,171
56,83,172
56,84,184
56,85,152
56,86,132
56,87,137
56,88,119
56,89,103
56,90,63
56,91,48
56,92,46
56,93,34
56,94,27
56,95,21
56,96,10
56,97,8
56,98,7
56,99,3
57,0,226
57,1,251
57,2,236
57,3,195
57,4,245
57,5,223
57,6,234
57,7,220
57,8,206
57,9,209
57,10,217
57,11,219
57,12,202
57,13,205
57,14,219
57,15,248
57,16,228
57,17,214
57,18,201
57,19,211
57,20,198
57,21,186
57,22,218
57,23,188
57,24,247
57,25,204
57,26,210
57,27,220
57,28,218
57,29,249
57,30,230
57,31,264
57,32,227
57,33,204
57,34,250
57,35,236
57,36,193
57,37,220
57,38,211
57,39,208
57,40,193
57,41,185
57,42,156
57,43,157
57,44,160
57,45,172
57,46,132
57,47,126
57,48,133
57,49,154
57,50,132
57,51,153
57,52,155
57,53,139
57,54,148
57,55,137
57,56,133
57,57,124
57,58,122
57,59,93
57,60,95
57,61,128
57,62,116
57,63,90
57,64,82
57,65,72
57,66,65
57,67,55
57,68,66
57,69,61
57,70,53
57,71,56
57,72,46
57,73,55
57,74,54
57,75,38
57,76,41
57,77,38
57,78,37
57,79,49
57,80,31
57,81,55
57,82,45
57,83,35
57,84,34
57,85,31
57,86,32
57,87,26
57,88,28
57,89,21
57,90,18
57,91,17
57,92,8
57,93,7
57,94,3
57,95,3
57,96,3
57,97,3
57,98,0
57,99,1
58,0,888
58,1,895
58,2,960
58,3,899
58,4,839
58,5,888
58,6,915
58,7,886
58,8,814
58,9,928
58,10,837
58,11,810
58,12,791
58,13,798
58,14,843
58,15,838
58,16,837
58,17,782
58,18,722
58,19,721
58,20,734
58,21,733
58,22,751
58,23,731
58,24,746
58,25,754
58,26,821
58,27,819
58,28,711
58,29,768
58,30,774
58,31,705
58,32,742
58,33,760
58,34,689
58,35,747
58,36,705
58,37,701
58,38,676
58,39,659
58,40,681
58,41,585
58,42,635
58,43,559
58,44,581
58,45,589
58,46,531
58,47,504
58,48,506
58,49,474
58,50,537
58,51,461
58,52,442
58,53,421
58,54,427
58,55,436
58,56,429
58,57,384
58,58,324
58,59,312
58,60,325
58,61,302
58,62,279
58,63,212
58,64,205
58,65,193
58,66,176
58,67,174
58,68,158
58,69,134
58,70,128
58,71,121
58,72,121
58,73,116
58,74,109
58,75,110
58,76,93
58,77,99
58,78,78
58,79,109
58,80,91
58,81,74
58,82,64
58,83,65
58,84,74
58,85,54
58,86,45
58,87,34
58,88,35
58,89,31
58,90,31
58,91,26
58,92,18
58,93,14
58,94,12
58,95,10
58,96,3
58,97,4
58,98,2
58,99,0
59,0,256
59,1,250
59,2,247
59,3,250
59,4,215
59,5,236
59,6,219
59,7,252
59,8,245
59,9,236
59,10,244
59,11,251
59,12,224
59,13,223
59,14,226
59,15,239
59,16,247
59,17,227
59,18,207
59,19,219
59,20,229
59,21,218
59,22,270
59,23,235
59,24,231
59,25,263
59,26,308
59,27,274
59,28,305
59,29,281
59,30,279
59,31,256
59,32,247
59,33,271
59,34,233
59,35,245
59,36,235
59,37,231
59,38,221
59,39,214
59,40,230
59,41,203
59,42,221
59,43,196
59,44,184
59,45,213
59,46,236
59,47,206
59,48,182
59,49,210
59,50,178
59,51,193
59,52,214
59,53,189
59,54,187
59,55,206
59,56,187
59,57,184
59,58,168
59,59,148
59,60,155
59,61,148
59,62,137
59,63,109
59,64,105
59,65,86
59,66,77
59,67,76
59,68,77
59,69,77
59,70,87
59,71,55
59,72,62
59,73,52
59,74,50
59,75,60
59,76,39
59,77,50
59,78,24
59,79,40
59,80,32
59,81,36
59,82,40
59,83,39
59,84,33
59,85,39
59,86,22
59,87,32
59,88,17
59,89,17
59,90,9
59,91,5
59,92,7
59,93,6
59,94,4
59,95,4
59,96,6
59,97,2
59,98,1
59,99,1
60,0,390
60,1,409
60,2,419
60,3,362
60,4,376
60,5,368
60,6,339
60,7,360
60,8,367
60,9,379
60,10,370
60,11,361
60,12,397
60,13,362
60,14,364
60,15,376
60,16,341
60,17,447
60,18,373
60,19,395
60,20,448
60,21,507
60,22,555
60,23,695
60,24,682
60,25,664
60,26,661
60,27,554
60,28,557
60,29,594
60,30,623
60,31,506
60,32,448
60,33,468
60,34,431
60,35,449
60,36,448
60,37,474
60,38,442
60,39,475
60,40,505
60,41,437
60,42,440
60,43,454
60,44,466
60,45,428
60,46,456
60,47,481
60,48,427
60,49,444
60,50,447
60,51,442
60,52,456
60,53,512
60,54,428
60,55,475
60,56,447
60,57,405
60,58,390
60,59,389
60,60,381
60,61,374
60,62,289
60,63,323
60,64,219
60,65,207
60,66,186
60,67,211
60,68,179
60,69,177
60,70,170
60,71,122
60,72,163
60,73,147
60,74,165
60,75,130
60,76,113
60,77,109
60,78,121
60,79,119
60,80,126
60,81,108
60,82,103
60,83,84
60,84,86
60,85,74
60,86,69
60,87,60
60,88,50
60,89,31
60,90,27
60,91,16
60,92,21
60,93,19
60,94,9
60,95,4
60,96,2
60,97,7
60,98,3
60,99,2
61,0,818
61,1,815
61,2,929
61,3,835
61,4,894
61,5,829
61,6,871
61,7,783
61,8,809
61,9,898
61,10,831
61,11,878
61,12,839
61,13,800
61,14,841
61,15,876
61,16,882
61,17,893
61,18,740
61,19,798
61,20,746
61,21,726
61,22,676
61,23,641
61,24,622
61,25,697
61,26,691
61,27,719
61,28,671
61,29,661
61,30,782
61,31,639
61,32,650
61,33,672
61,34,701
61,35,636
61,36,638
61,37,702
61,38,620
61,39,631
61,40,639
61,41,600
61,42,522
61,43,511
61,44,533
61,45,518
61,46,529
61,47,496
61,48,474
61,49,541
61,50,552
61,51,509
61,52,503
61,53,489
61,54,431
61,55,463
61,56,411
61,57,379
61,58,339
61,59,306
61,60,323
61,61,297
61,62,313
61,63,272
61,64,197
61,65,213
61,66,169
61,67,186
61,68,177
61,69,162
61,70,156
61,71,165
61,72,139
61,73,131
61,74,165
61,75,131
61,76,104
61,77,114
61,78,99
61,79,104
61,80,108
61,81,85
61,82,75
61,83,54
61,84,53
61,85,45
61,86,35
61,87,37
61,88,35
61,89,30
61,90,16
61,91,16
61,92,7
61,93,6
61,94,14
61,95,5
61,96,7
61,97,3
61,98,3
61,99,0
62,0,339
62,1,304
62,2,307
62,3,301
62,4,298
62,5,309
62,6,316
62,7,326
62,8,322
62,9,323
62,10,311
62,11,336
62,12,284
62,13,298
62,14,275
62,15,320
62,16,275
62,17,275
62,18,326
62,19,243
62,20,261
62,21,265
62,22,285
62,23,288
62,24,271
62,25,285
62,26,281
62,27,322
62,28,299
62,29,307
62,30,288
62,31,304
62,32,268
62,33,296
62,34,294
62,35,311
62,36,301
62,37,293
62,38,297
62,39,270
62,40,253
62,41,252
62,42,222
62,43,236
62,44,226
62,45,206
62,46,227
62,47,208
62,48,186
62,49,205
62,50,193
62,51,210
62,52,192
62,53,203
62,54,188
62,55,196
62,56,171
62,57,167
62,58,133
62,59,176
62,60,123
62,61,149
62,62,163
62,63,141
62,64,105
62,65,107
62,66,90
62,67,89
62,68,67
62,69,73
62,70,53
62,71,73
62,72,71
62,73,55
62,74,58
62,75,54
62,76,46
62,77,40
62,78,47
62,79,43
62,80,55
62,81,52
62,82,52
62,83,43
62,84,63
62,85,44
62,86,47
62,87,31
62,88,26
62,89,31
62,90,21
62,91,21
62,92,16
62,93,15
62,94,6
62,95,4
62,96,3
62,97,4
62,98,3
62,99,0
63,0,779
63,1,761
63,2,836
63,3,844
63,4,781
63,5,797
63,6,777
63,7,765
63,8,788
63,9,841
63,10,823
63,11,713
63,12,804
63,13,778
63,14,816
63,15,799
63,16,706
63,17,741
63,18,753
63,19,708
63,20,722
63,21,639
63,22,625
63,23,656
63,24,661
63,25,632
63,26,668
63,27,632
63,28,679
63,29,625
63,30,714
63,31,678
63,32,620
63,33,634
63,34,633
63,35,664
63,36,622
63,37,628
63,38,593
63,39,608
63,40,603
63,41,548
63,42,538
63,43,501
63,44,550
63,45,481
63,46,437
63,47,457
63,48,410
63,49,397
63,50,429
63,51,398
63,52,354
63,53,350
63,54,321
63,55,347
63,56,299
63,57,309
63,58,289
63,59,237
63,60,256
63,61,211
63,62,263
63,63,193
63,64,195
63,65,165
63,66,152
63,67,155
63,68,122
63,69,112
63,70,129
63,71,97
63,72,95
63,73,89
63,74,88
63,75,76
63,76,68
63,77,62
63,78,72
63,79,53
63,80,51
63,81,43
63,82,33
63,83,33
63,84,37
63,85,42
63,86,45
63,87,34
63,88,22
63,89,20
63,90,25
63,91,12
63,92,13
63,93,12
63,94,9
63,95,4
63,96,2
63,97,4
63,98,1
63,99,1
64,0,339
64,1,309
64,2,325
64,3,342
64,4,291
64,5,325
64,6,344
64,7,296
64,8,310
64,9,318
64,10,324
64,11,334
64,12,319
64,13,296
64,14,288
64,15,326
64,16,312
64,17,327
64,18,282
64,19,257
64,20,275
64,21,258
64,22,317
64,23,300
64,24,296
64,25,301
64,26,401
64,27,336
64,28,337
64,29,376
64,30,402
64,31,372
64,32,380
64,33,351
64,34,371
64,35,363
64,36,333
64,37,337
64,38,325
64,39,364
64,40,330
64,41,321
64,42,314
64,43,290
64,44,357
64,45,314
64,46,313
64,47,294
64,48,309
64,49,322
64,50,306
64,51,311
64,52,356
64,53,312
64,54,321
64,55,280
64,56,291
64,57,286
64,58,292
64,59,267
64,60,199
64,61,258
64,62,261
64,63,205
64,64,162
64,65,150
64,66,155
64,67,167
64,68,157
64,69,121
64,70,114
64,71,129
64,72,135
64,73,109
64,74,114
64,75,107
64,76,100
64,77,118
64,78,104
64,79,112
64,80,107
64,81,108
64,82,96
64,83,95
64,84,77
64,85,79
64,86,56
64,87,70
64,88,58
64,89,35
64,90,36
64,91,29
64,92,27
64,93,17
64,94,10
64,95,6
64,96,5
64,97,2
64,98,2
64,99,1
65,0,519
65,1,619
65,2,574
65,3,571
65,4,596
65,5,557
65,6,605
65,7,582
65,8,637
65,9,603
65,10,586
65,11,605
65,12,583
65,13,581
65,14,566
65,15,561
65,16,531
65,17,561
65,18,528
65,19,520
65,20,529
65,21,480
65,22,521
65,23,522
65,24,483
65,25,574
65,26,515
65,27,504
65,28,523
65,29,541
65,30,572
65,31,549
65,32,555
65,33,589
65,34,524
65,35,569
65,36,533
65,37,531
65,38,589
65,39,462
65,40,488
65,41,445
65,42,435
65,43,413
65,44,403
65,45,385
65,46,383
65,47,356
65,48,378
65,49,383
65,50,408
65,51,366
65,52,349
65,53,370
65,54,355
65,55,328
65,56,342
65,57,328
65,58,281
65,59,277
65,60,256
65,61,264
65,62,232
65,63,198
65,64,183
65,65,180
65,66,154
65,67,162
65,68,143
65,69,142
65,70,128
65,71,101
65,72,114
65,73,106
65,74,101
65,75,72
65,76,91
65,77,88
65,78,79
65,79,74
65,80,92
65,81,79
65,82,83
65,83,76
65,84,73
65,85,57
65,86,74
65,87,73
65,88,61
65,89,48
65,90,38
65,91,21
65,92,32
65,93,28
65,94,8
65,95,6
65,96,6
65,97,1
65,98,4
65,99,1
66,0,964
66,1,979
66,2,1017
66,3,1021
66,4,970
66,5,979
66,6,1024
66,7,940
66,8,961
66,9,1006
66,10,1003
66,11,979
66,12,989
66,13,999
66,14,1040
66,15,1041
66,16,1085
66,17,1049
66,18,1006
66,19,946
66,20,941
66,21,918
66,22,905
66,23,892
66,24,900
66,25,882
66,26,843
66,27,878
66,28,862
66,29,870
66,30,934
66,31,823
66,32,773
66,33,808
66,34,734
66,35,812
66,36,695
66,37,789
66,38,735
66,39,770
66,40,771
66,41,706
66,42,724
66,43,676
66,44,678
66,45,765
66,46,678
66,47,752
66,48,717
66,49,736
66,50,726
66,51,624
66,52,668
66,53,605
66,54,623
66,55,691
66,56,580
66,57,560
66,58,476
66,59,463
66,60,474
66,61,425
66,62,396
66,63,355
66,64,298
66,65,294
66,66,282
66,67,277
66,68,259
66,69,223
66,70,218
66,71,201
66,72,169
66,73,154
66,74,166
66,75,146
66,76,126
66,77,146
66,78,93
66,79,108
66,80,123
66,81,104
66,82,83
66,83,88
66,84,70
66,85,60
66,86,52
66,87,42
66,88,41
66,89,34
66,90,33
66,91,15
66,92,20
66,93,20
66,94,16
66,95,8
66,96,6
66,97,7
66,98,2
66,99,4
67,0,542
67,1,527
67,2,540
67,3,555
67,4,512
67,5,539
67,6,522
67,7,556
67,8,549
67,9,532
67,10,566
67,11,570
67,12,608
67,13,627
67,14,631
67,15,734
67,16,743
67,17,727
67,18,742
67,19,663
67,20,649
67,21,557
67,22,519
67,23,503
67,24,476
67,25,470
67,26,492
67,27,461
67,28,415
67,29,488
67,30,451
67,31,394
67,32,368
67,33,361
67,34,400
67,35,360
67,36,354
67,37,368
67,38,396
67,39,414
67,40,389
67,41,422
67,42,368
67,43,410
67,44,416
67,45,432
67,46,482
67,47,512
67,48,506
67,49,526
67,50,501
67,51,497
67,52,472
67,53,443
67,54,466
67,55,454
67,56,377
67,57,316
67,58,298
67,59,366
67,60,345
67,61,322
67,62,350
67,63,336
67,64,254
67,65,281
67,66,233
67,67,291
67,68,256
67,69,251
67,70,251
67,71,224
67,72,232
67,73,205
67,74,223
67,75,211
67,76,208
67,77,197
67,78,162
67,79,149
67,80,138
67,81,125
67,82,145
67,83,121
67,84,79
67,85,74
67,86,60
67,87,63
67,88,43
67,89,22
67,90,24
67,91,19
67,92,17
67,93,10
67,94,12
67,95,14
67,96,10
67,97,4
67,98,4
67,99,2
68,0,511
68,1,452
68,2,492
68,3,476
68,4,483
68,5,438
68,6,475
68,7,460
68,8,501
68,9,503
68,10,495
68,11,512
68,12,559
68,13,512
68,14,593
68,15,593
68,16,619
68,17,694
68,18,601
68,19,562
68,20,608
68,21,551
68,22,509
68,23,442
68,24,425
68,25,430
68,26,418
68,27,365
68,28,405
68,29,402
68,30,412
68,31,339
68,32,350
68,33,348
68,34,333
68,35,310
68,36,313
68,37,357
68,38,336
68,39,332
68,40,358
68,41,269
68,42,362
68,43,350
68,44,327
68,45,398
68,46,380
68,47,410
68,48,441
68,49,392
68,50,453
68,51,417
68,52,398
68,53,407
68,54,365
68,55,387
68,56,383
68,57,320
68,58,314
68,59,268
68,60,275
68,61,296
68,62,259
68,63,217
68,64,196
68,65,202
68,66,219
68,67,192
68,68,170
68,69,163
68,70,170
68,71,173
68,72,187
68,73,153
68,74,145
68,75,169
68,76,145
68,77,145
68,78,132
68,79,126
68,80,119
68,81,113
68,82,101
68,83,111
68,84,92
68,85,77
68,86,82
68,87,61
68,88,43
68,89,36
68,90,30
68,91,23
68,92,27
68,93,24
68,94,14
68,95,18
68,96,4
68,97,12
68,98,7
68,99,2
69,0,526
69,1,482
69,2,531
69,3,477
69,4,480
69,5,479
69,6,441
69,7,470
69,8,482
69,9,510
69,10,532
69,11,493
69,12,492
69,13,479
69,14,475
69,15,567
69,16,592
69,17,611
69,18,510
69,19,486
69,20,485
69,21,455
69,22,461
69,23,406
69,24,460
69,25,432
69,26,398
69,27,407
69,28,406
69,29,408
69,30,458
69,31,397
69,32,361
69,33,359
69,34,337
69,35,379
69,36,309
69,37,374
69,38,380
69,39,393
69,40,397
69,41,384
69,42,351
69,43,393
69,44,398
69,45,420
69,46,421
69,47,453
69,48,452
69,49,437
69,50,498
69,51,509
69,52,526
69,53,473
69,54,468
69,55,466
69,56,480
69,57,394
69,58,391
69,59,366
69,60,371
69,61,370
69,62,317
69,63,324
69,64,225
69,65,242
69,66,227
69,67,207
69,68,192
69,69,199
69,70,162
69,71,175
69,72,170
69,73,154
69,74,182
69,75,163
69,76,153
69,77,156
69,78,130
69,79,126
69,80,148
69,81,145
69,82,146
69,83,148
69,84,132
69,85,117
69,86,109
69,87,90
69,88,83
69,89,77
69,90,65
69,91,50
69,92,36
69,93,48
69,94,37
69,95,20
69,96,18
69,97,10
69,98,9
69,99,3
70,0,544
70,1,534
70,2,545
70,3,544
70,4,615
70,5,634
70,6,646
70,7,640
70,8,667
70,9,682
70,10,710
70,11,671
70,12,736
70,13,682
70,14,737
70,15,694
70,16,685
70,17,725
70,18,686
70,19,580
70,20,606
70,21,556
70,22,541
70,23,540
70,24,493
70,25,540
70,26,495
70,27,467
70,28,512
70,29,526
70,30,517
70,31,523
70,32,543
70,33,535
70,34,532
70,35,515
70,36,522
70,37,553
70,38,579
70,39,581
70,40,584
70,41,548
70,42,597
70,43,592
70,44,621
70,45,616
70,46,633
70,47,648
70,48,633
70,49,646
70,50,628
70,51,664
70,52,641
70,53,611
70,54,549
70,55,525
70,56,527
70,57,485
70,58,460
70,59,478
70,60,420
70,61,392
70,62,373
70,63,352
70,64,268
70,65,246
70,66,250
70,67,256
70,68,229
70,69,192
70,70,197
70,71,191
70,72,157
70,73,143
70,74,166
70,75,146
70,76,137
70,77,123
70,78,143
70,79,141
70,80,154
70,81,138
70,82,122
70,83,124
70,84,118
70,85,90
70,86,94
70,87,73
70,88,77
70,89,69
70,90,48
70,91,41
70,92,18
70,93,23
70,94,14
70,95,16
70,96,8
70,97,4
70,98,4
70,99,3
71,0,623
71,1,577
71,2,639
71,3,657
71,4,612
71,5,601
71,6,633
71,7,636
71,8,698
71,9,654
71,10,739
71,11,735
71,12,707
71,13,769
71,14,786
71,15,854
71,16,854
71,17,907
71,18,776
71,19,785
71,20,772
71,21,685
71,22,596
71,23,590
71,24,603
71,25,558
71,26,572
71,27,581
71,28,546
71,29,589
71,30,592
71,31,530
71,32,494
71,33,545
71,34,487
71,35,470
71,36,528
71,37,560
71,38,622
71,39,642
71,40,568
71,41,575
71,42,576
71,43,602
71,44,579
71,45,683
71,46,661
71,47,647
71,48,707
71,49,739
71,50,731
71,51,731
71,52,681
71,53,698
71,54,602
71,55,649
71,56,550
71,57,566
71,58,570
71,59,551
71,60,560
71,61,540
71,62,580
71,63,549
71,64,459
71,65,474
71,66,425
71,67,460
71,68,435
71,69,404
71,70,416
71,71,375
71,72,407
71,73,402
71,74,394
71,75,386
71,76,337
71,77,326
71,78,294
71,79,276
71,80,223
71,81,256
71,82,190
71,83,187
71,84,162
71,85,165
71,86,116
71,87,106
71,88,101
71,89,65
71,90,50
71,91,36
71,92,30
71,93,28
71,94,13
71,95,16
71,96,7
71,97,5
71,98,5
71,99,5
72,0,203
72,1,244
72,2,221
72,3,240
72,4,288
72,5,298
72,6,270
72,7,288
72,8,284
72,9,299
72,10,307
72,11,278
72,12,318
72,13,315
72,14,304
72,15,350
72,16,334
72,17,303
72,18,260
72,19,160
72,20,172
72,21,147
72,22,180
72,23,229
72,24,193
72,25,197
72,26,209
72,27,189
72,28,176
72,29,195
72,30,199
72,31,195
72,32,186
72,33,229
72,34,220
72,35,229
72,36,207
72,37,209
72,38,256
72,39,313
72,40,306
72,41,288
72,42,285
72,43,276
72,44,297
72,45,291
72,46,309
72,47,326
72,48,333
72,49,344
72,50,338
72,51,382
72,52,337
72,53,358
72,54,359
72,55,357
72,56,332
72,57,295
72,58,333
72,59,324
72,60,334
72,61,343
72,62,276
72,63,265
72,64,221
72,65,198
72,66,189
72,67,174
72,68,148
72,69,114
72,70,119
72,71,134
72,72,106
72,73,94
72,74,105
72,75,94
72,76,93
72,77,84
72,78,82
72,79,80
72,80,66
72,81,73
72,82,57
72,83,62
72,84,59
72,85,51
72,86,42
72,87,42
72,88,31
72,89,38
72,90,20
72,91,19
72,92,8
72,93,18
72,94,9
72,95,7
72,96,4
72,97,2
72,98,5
72,99,1
73,0,258
73,1,291
73,2,292
73,3,281
73,4,275
73,5,276
73,6,271
73,7,300
73,8,323
73,9,322
73,10,342
73,11,400
73,12,361
73,13,418
73,14,421
73,15,439
73,16,457
73,17,481
73,18,430
73,19,389
73,20,358
73,21,354
73,22,273
73,23,280
73,24,262
73,25,270
73,26,237
73,27,272
73,28,243
73,29,276
73,30,272
73,31,254
73,32,243
73,33,245
73,34,253
73,35,299
73,36,316
73,37,298
73,38,356
73,39,355
73,40,356
73,41,348
73,42,288
73,43,316
73,44,336
73,45,374
73,46,371
73,47,370
73,48,405
73,49,384
73,50,362
73,51,400
73,52,406
73,53,366
73,54,376
73,55,367
73,56,338
73,57,311
73,58,311
73,59,349
73,60,330
73,61,304
73,62,289
73,63,280
73,64,254
73,65,259
73,66,244
73,67,319
73,68,261
73,69,270
73,70,289
73,71,253
73,72,280
73,73,296
73,74,262
73,75,281
73,76,249
73,77,225
73,78,211
73,79,186
73,80,188
73,81,157
73,82,148
73,83,129
73,84,105
73,85,106
73,86,92
73,87,84
73,88,59
73,89,41
73,90,48
73,91,36
73,92,21
73,93,16
73,94,17
73,95,5
73,96,6
73,97,7
73,98,2
73,99,1
74,0,249
74,1,241
74,2,270
74,3,225
74,4,255
74,5,253
74,6,251
74,7,226
74,8,278
74,9,260
74,10,240
74,11,258
74,12,257
74,13,250
74,14,276
74,15,240
74,16,252
74,17,247
74,18,323
74,19,450
74,20,384
74,21,329
74,22,273
74,23,215
74,24,252
74,25,231
74,26,201
74,27,242
74,28,252
74,29,250
74,30,265
74,31,214
74,32,242
74,33,264
74,34,266
74,35,243
74,36,237
74,37,251
74,38,273
74,39,312
74,40,290
74,41,249
74,42,245
74,43,270
74,44,287
74,45,295
74,46,313
74,47,295
74,48,295
74,49,315
74,50,307
74,51,322
74,52,323
74,53,319
74,54,286
74,55,290
74,56,252
74,57,229
74,58,213
74,59,245
74,60,184
74,61,184
74,62,165
74,63,154
74,64,127
74,65,132
74,66,107
74,67,136
74,68,131
74,69,112
74,70,78
74,71,95
74,72,84
74,73,88
74,74,74
74,75,62
74,76,55
74,77,92
74,78,66
74,79,77
74,80,84
74,81,67
74,82,88
74,83,66
74,84,69
74,85,82
74,86,52
74,87,52
74,88,35
74,89,41
74,90,36
74,91,22
74,92,19
74,93,11
74,94,12
74,95,5
74,96,4
74,97,5
74,98,1
74,99,2
75,0,254
75,1,240
75,2,249
75,3,258
75,4,257
75,5,288
75,6,248
75,7,277
75,8,261
75,9,303
75,10,290
75,11,317
75,12,330
75,13,332
75,14,340
75,15,422
75,16,410
75,17,415
75,18,379
75,19,275
75,20,264
75,21,258
75,22,277
75,23,261
75,24,235
75,25,224
75,26,235
75,27,220
75,28,226
75,29,230
75,30,267
75,31,249
75,32,208
75,33,228
75,34,236
75,35,260
75,36,243
75,37,245
75,38,305
75,39,283
75,40,295
75,41,271
75,42,268
75,43,320
75,44,276
75,45,316
75,46,316
75,47,320
75,48,377
75,49,377
75,50,391
75,51,408
75,52,366
75,53,328
75,54,346
75,55,370
75,56,319
75,57,359
75,58,303
75,59,296
75,60,326
75,61,239
75,62,242
75,63,224
75,64,183
75,65,185
75,66,182
75,67,202
75,68,173
75,69,177
75,70,198
75,71,174
75,72,177
75,73,159
75,74,151
75,75,184
75,76,142
75,77,140
75,78,139
75,79,116
75,80,118
75,81,104
75,82,106
75,83,90
75,84,84
75,85,92
75,86,82
75,87,77
75,88,67
75,89,52
75,90,51
75,91,44
75,92,36
75,93,21
75,94,23
75,95,13
75,96,12
75,97,14
75,98,12
75,99,3
76,0,224
76,1,182
76,2,187
76,3,150
76,4,169
76,5,140
76,6,118
76,7,104
76,8,104
76,9,93
76,10,92
76,11,86
76,12,75
76,13,84
76,14,80
76,15,68
76,16,79
76,17,94
76,18,81
76,19,83
76,20,99
76,21,106
76,22,155
76,23,189
76,24,215
76,25,214
76,26,267
76,27,297
76,28,316
76,29,322
76,30,340
76,31,286
76,32,312
76,33,295
76,34,297
76,35,235
76,36,220
76,37,173
76,38,210
76,39,205
76,40,204
76,41,158
76,42,184
76,43,173
76,44,155
76,45,178
76,46,169
76,47,133
76,48,167
76,49,186
76,50,171
76,51,187
76,52,164
76,53,156
76,54,183
76,55,185
76,56,169
76,57,174
76,58,159
76,59,142
76,60,165
76,61,135
76,62,130
76,63,111
76,64,100
76,65,97
76,66,86
76,67,91
76,68,101
76,69,99
76,70,74
76,71,82
76,72,75
76,73,47
76,74,66
76,75,63
76,76,74
76,77,65
76,78,57
76,79,75
76,80,56
76,81,55
76,82,50
76,83,38
76,84,59
76,85,52
76,86,52
76,87,37
76,88,28
76,89,19
76,90,28
76,91,11
76,92,8
76,93,5
76,94,4
76,95,4
76,96,3
76,97,6
76,98,3
76,99,1
77,0,614
77,1,548
77,2,518
77,3,480
77,4,440
77,5,413
77,6,354
77,7,348
77,8,339
77,9,318
77,10,346
77,11,300
77,12,287
77,13,311
77,14,312
77,15,323
77,16,289
77,17,318
77,18,747
77,19,1271
77,20,1110
77,21,833
77,22,916
77,23,956
77,24,1093
77,25,1306
77,26,1314
77,27,1379
77,28,1339
77,29,1353
77,30,1307
77,31,1214
77,32,1187
77,33,1107
77,34,1054
77,35,1101
77,36,955
77,37,919
77,38,924
77,39,960
77,40,1041
77,41,928
77,42,904
77,43,827
77,44,852
77,45,921
77,46,811
77,47,832
77,48,828
77,49,850
77,50,800
77,51,756
77,52,734
77,53,722
77,54,719
77,55,734
77,56,695
77,57,645
77,58,645
77,59,585
77,60,593
77,61,594
77,62,562
77,63,583
77,64,469
77,65,418
77,66,411
77,67,426
77,68,378
77,69,368
77,70,327
77,71,307
77,72,356
77,73,272
77,74,271
77,75,241
77,76,249
77,77,226
77,78,231
77,79,215
77,80,222
77,81,226
77,82,193
77,83,173
77,84,188
77,85,159
77,86,168
77,87,138
77,88,106
77,89,85
77,90,67
77,91,59
77,92,39
77,93,42
77,94,23
77,95,31
77,96,21
77,97,14
77,98,11
77,99,8